section,folder_version,catalogo,source_xls,xls_hash,descripcion,sheets,numero_columnas,nombres_columnas,file_hash,file_type,version,revision,fecha_publicacion,fecha_inicio_vigencia,fecha_fin_vigencia
anexo-20/factura-de-retenciones,1-0,c_CveRetenc,hf/raw/catalogos/anexo-20/factura-de-retenciones/version-1-0/catCFDI_Retenciones.xls,ce4890dac7951b7f85616cf4b603254ebc3d04f6df91239b26216a5aa0580089,Catálogo de Retenciones,c_CveRetenc,5,retenciones|descripcion|fecha_inicio_de_vigencia|fecha_fin_de_vigencia|row_hash,195bd6f4d644719138a164521ab0234769ccb7a67158209f9a4e6e72ce7fcdda,catalogo,1,0,,,
anexo-20/factura-de-retenciones,1-0,c_EntidadesFederativas,hf/raw/catalogos/anexo-20/factura-de-retenciones/version-1-0/catCFDI_Retenciones.xls,ce4890dac7951b7f85616cf4b603254ebc3d04f6df91239b26216a5aa0580089,Catálogo de Entidades Federativas,c_EntidadesFederativas,5,clave|descripcion|fecha_inicio_de_vigencia|fecha_fin_de_vigencia|row_hash,9251b973d6fe3ede9cc0d7840bd405519b621df42fd4f662e39686c2ca8ea477,catalogo,1,1,2020-05-01,,
anexo-20/factura-de-retenciones,1-0,c_Paises,hf/raw/catalogos/anexo-20/factura-de-retenciones/version-1-0/catCFDI_Retenciones.xls,ce4890dac7951b7f85616cf4b603254ebc3d04f6df91239b26216a5aa0580089,Catálogo de Países,c_Paises,5,clave|descripcion|fecha_inicio_de_vigencia|fecha_fin_de_vigencia|row_hash,7ac60f50040f54f20898d538e492eeb87902c20d5ff5bdc64689b593f31c5f0e,catalogo,1,0,,,
anexo-20/factura-de-retenciones,1-0,c_Periodicidad,hf/raw/catalogos/anexo-20/factura-de-retenciones/version-1-0/catCFDI_Retenciones.xls,ce4890dac7951b7f85616cf4b603254ebc3d04f6df91239b26216a5aa0580089,Catálogo de Periodicidad,c_Periodicidad,6,clave|descripcion|complemento_que_lo_usa|fecha_inicio_de_vigencia|fecha_fin_de_vigencia|row_hash,bfad8b5bf3b70c3b55f8afe8de791fe261d73d30392119b7e51f0bf759243fb6,catalogo,2,0,2020-05-01,,
anexo-20/factura-de-retenciones,1-0,c_TipoContribuyenteSujetoRetenc,hf/raw/catalogos/anexo-20/factura-de-retenciones/version-1-0/catCFDI_Retenciones.xls,ce4890dac7951b7f85616cf4b603254ebc3d04f6df91239b26216a5aa0580089,Catálogo de Tipo de contribuyente sujeto a retención.,c_TipoContribuyenteSujetoRetenc,5,tipo_contribuyente_sujeto_retencion|descripcion|fecha_inicio_de_vigencia|fecha_fin_de_vigencia|row_hash,c0515f3452279dc28aaeee54b4d7226c9b00d898f35fcff01713501f0e3138d3,catalogo,1,0,,,
anexo-20/factura-de-retenciones,1-0,c_TipoDividendoUtilidadDistrib,hf/raw/catalogos/anexo-20/factura-de-retenciones/version-1-0/catCFDI_Retenciones.xls,ce4890dac7951b7f85616cf4b603254ebc3d04f6df91239b26216a5aa0580089,Catálogo de Tipo de Dividendo o utilidad distribuida,c_TipoDividendoUtilidadDistrib,5,tipo_dividendoutilidad_distribuida|descripcion|fecha_inicio_de_vigencia|fecha_fin_de_vigencia|row_hash,12697823bea021415aee8a5d4e146e5ae173cc3e683c3142b3eabd6c63d344db,catalogo,1,0,,,
anexo-20/factura-de-retenciones,1-0,c_TipodeImpuesto,hf/raw/catalogos/anexo-20/factura-de-retenciones/version-1-0/catCFDI_Retenciones.xls,ce4890dac7951b7f85616cf4b603254ebc3d04f6df91239b26216a5aa0580089,Catálogo de impuestos.,c_TipodeImpuesto,5,impuesto|descripcion|fecha_inicio_de_vigencia|fecha_fin_de_vigencia|row_hash,a555b50fc2977baa49f8524b8d64111220b74f7c8b2aeabeb55ffaf65b26c619,catalogo,1,0,,,
anexo-20/factura-de-retenciones,2-0,MatrizDeErrores_CFDI_Retenciones_v20,hf/raw/catalogos/anexo-20/factura-de-retenciones-e-informacion-de-pagos/version-2-0/MatrizDeErrores_CFDI_Retenciones_v20.xls,c4320cfd1ea5e768cf89bdbcdfe59b61e2e71e47e69ce8a632f3ff35b1a513a9,matriz de codigos de error para el comprobante fiscal digital que ampara retenciones e informacion de pagos version 2.0,Errores_Retenciones20,7,num|elemento|atributo|caso_de_validacion|codigo_error|descripcion_de_codigo_de_error|row_hash,344ad56305a8d5ff060ce205e5ce8df2b31cbe05576569ad5d8ab185edf4361c,matriz,2.0,,2025-04-09,,
anexo-20/factura-de-retenciones,2-0,c_CveRetenc,hf/raw/catalogos/anexo-20/factura-de-retenciones/version-2-0/catCFDI_Retenciones.xls,ebe8c59f2cb1677af96d48e7f892aef28294e3dd3ed5aa3e45da9924ddf76c35,Catálogo de Retenciones,c_CveRetenc,6,clave|descripcion|nombre_del_complemento|fecha_inicio_de_vigencia|fecha_fin_de_vigencia|row_hash,9606237b55153511be3b23797ad7761980c5131edfa6d2d769f44cb9cc43b019,catalogo,1,0,,,
anexo-20/factura-de-retenciones,2-0,c_Ejercicio,hf/raw/catalogos/anexo-20/factura-de-retenciones/version-2-0/catCFDI_Retenciones.xls,ebe8c59f2cb1677af96d48e7f892aef28294e3dd3ed5aa3e45da9924ddf76c35,Catálogo ejercicio.,c_Ejercicio,5,clave|descripcion|fecha_inicio_de_vigencia|fecha_fin_de_vigencia|row_hash,3c2a9e7cf5473647a430d23d856686b2959cfcb314ed1a1c043456538fc97389,catalogo,1,0,,2022-01-01,
anexo-20/factura-de-retenciones,2-0,c_EntidadesFederativas,hf/raw/catalogos/anexo-20/factura-de-retenciones/version-2-0/catCFDI_Retenciones.xls,ebe8c59f2cb1677af96d48e7f892aef28294e3dd3ed5aa3e45da9924ddf76c35,Catálogo de Entidades Federativas,c_EntidadesFederativas,5,clave|descripcion|fecha_inicio_de_vigencia|fecha_fin_de_vigencia|row_hash,69e7c904c2c5054ab211cf4bad70945b674188f8624c80c9aea7b7e648dfb6bb,catalogo,1,0,2020-05-01,,
anexo-20/factura-de-retenciones,2-0,c_Pais,hf/raw/catalogos/anexo-20/factura-de-retenciones/version-2-0/catCFDI_Retenciones.xls,ebe8c59f2cb1677af96d48e7f892aef28294e3dd3ed5aa3e45da9924ddf76c35,Catálogo de País,c_Pais,5,clave|descripcion|fecha_inicio_de_vigencia|fecha_fin_de_vigencia|row_hash,17f500b01021207665052c54f24de6eab20a21ed5e88cc9c75eb700896e49dfc,catalogo,1,0,,,
anexo-20/factura-de-retenciones,2-0,c_Periodicidad,hf/raw/catalogos/anexo-20/factura-de-retenciones/version-2-0/catCFDI_Retenciones.xls,ebe8c59f2cb1677af96d48e7f892aef28294e3dd3ed5aa3e45da9924ddf76c35,Catálogo de Periodicidad,c_Periodicidad,6,clave|descripcion|complemento_que_lo_usa|fecha_inicio_de_vigencia|fecha_fin_de_vigencia|row_hash,a244531f9c0093ebe7222cbd2cbf8697f8e7c6adbd6be336b2b2959627d0081e,catalogo,1,0,2020-05-01,,
anexo-20/factura-de-retenciones,2-0,c_Periodo,hf/raw/catalogos/anexo-20/factura-de-retenciones/version-2-0/catCFDI_Retenciones.xls,ebe8c59f2cb1677af96d48e7f892aef28294e3dd3ed5aa3e45da9924ddf76c35,Catálogo periodo.,c_Periodo,5,clave|descripcion|fecha_inicio_de_vigencia|fecha_fin_de_vigencia|row_hash,2c28c3ba267ba305de9672749ad48ed7d39b822dd4756e85f3f39b251e95577f,catalogo,1,0,,2022-01-01,
anexo-20/factura-de-retenciones,2-0,c_TipoContribuyenteSujetoRetenc,hf/raw/catalogos/anexo-20/factura-de-retenciones/version-2-0/catCFDI_Retenciones.xls,ebe8c59f2cb1677af96d48e7f892aef28294e3dd3ed5aa3e45da9924ddf76c35,Catálogo de Tipo de contribuyente sujeto a retención.,c_TipoContribuyenteSujetoRetenc,5,tipo_contribuyente_sujeto_retencion|descripcion|fecha_inicio_de_vigencia|fecha_fin_de_vigencia|row_hash,13056e7d8a72ee1f64a842ce9f6a1e792119f91d327c223d019554c7c6c2f0ba,catalogo,1,0,,,
anexo-20/factura-de-retenciones,2-0,c_TipoDividendoOUtilidadDistrib,hf/raw/catalogos/anexo-20/factura-de-retenciones/version-2-0/catCFDI_Retenciones.xls,ebe8c59f2cb1677af96d48e7f892aef28294e3dd3ed5aa3e45da9924ddf76c35,Catálogo de Tipo de Dividendo o utilidad distribuida,c_TipoDividendoOUtilidadDistrib,5,tipo_dividendo_outilidad_distribuida|descripcion|fecha_inicio_de_vigencia|fecha_fin_de_vigencia|row_hash,df88560a3326414e1453d5bc05037d1bca7103530e78697011cb8acf0e9ad70e,catalogo,1,0,,,
anexo-20/factura-de-retenciones,2-0,c_TipoImpuesto,hf/raw/catalogos/anexo-20/factura-de-retenciones/version-2-0/catCFDI_Retenciones.xls,ebe8c59f2cb1677af96d48e7f892aef28294e3dd3ed5aa3e45da9924ddf76c35,Catálogo de tipo impuesto.,c_TipoImpuesto,5,clave|descripcion|fecha_inicio_de_vigencia|fecha_fin_de_vigencia|row_hash,3b0ff340b46f61740f374fdefb5136ef298210f8f10ba3472b8fcb614ceae59a,catalogo,1,0,,,
anexo-20/factura-de-retenciones,2-0,c_TipoPagoRet,hf/raw/catalogos/anexo-20/factura-de-retenciones/version-2-0/catCFDI_Retenciones.xls,ebe8c59f2cb1677af96d48e7f892aef28294e3dd3ed5aa3e45da9924ddf76c35,Catálogo tipo pago de la retención.,c_TipoPagoRet,6,clave|descripcion|tipo_impuesto|fecha_inicio_de_vigencia|fecha_fin_de_vigencia|row_hash,904d522ee30a3394543db94ecaed6d7ef3cc721e44c4d5f16af4a20ed4398639,catalogo,1,1,,2022-01-01,
anexo-20/factura-electronica,3-3,MatrizDeErrores_CFDI_v33,hf/raw/catalogos/anexo-20/formato-de-factura/version-3-3/MatrizDeErrores_CFDI_v33.xls,6d10cde320a02df06ec61678afdf08b236ec2e08f76f88f06754955d5c341998,matriz de validaciones para el comprobante fiscal digital por internet version 3.3,Errores_CFDI33,7,num|atributo|reglas_de_validacion_para_cfdi_version_3_3|codigo_error|error|notas|row_hash,df6f94dbe40a9560c7688e380ccfbcbe494038baf3ed65f42c8ffc3c4e2557be,matriz,3.3,,2017-04-12,,
anexo-20/factura-electronica,3-3,c_Aduana,hf/raw/catalogos/anexo-20/factura-electronica/version-3-3/catCFDI.xls,ef6cf4fbedcbc5a3db993b9495186762327a75cd4c826f39d7055ccf28f7a46b,"Catálogo de aduanas (tomado del anexo 22, apéndice I de la RGCE 2017).",c_Aduana,5,clave|descripcion|fecha_inicio_de_vigencia|fecha_fin_de_vigencia|row_hash,b6cfbbea982b4b07bae54b8b0b8e86aa3c74ad9899061f16aca48fbd23123fc3,catalogo,2,1,,,
anexo-20/factura-electronica,3-3,c_ClaveProdServ,hf/raw/catalogos/anexo-20/factura-electronica/version-3-3/catCFDI.xls,ef6cf4fbedcbc5a3db993b9495186762327a75cd4c826f39d7055ccf28f7a46b,Catálogo de Claves de Productos y Servicios.,c_ClaveProdServ,10,clave|descripcion|incluir_iva_trasladado|incluir_ieps_trasladado|complemento_que_debe_incluir|fecha_de_inicio_de_vigencia|fecha_de_fin_de_vigencia|estimulo_franja_fronteriza|palabras_similares|row_hash,e2ac66eeeecd116bebee7ff94e3db8688988084196925cdb994db56ed725f3c5,catalogo,5,,2022-12-21,,
anexo-20/factura-electronica,3-3,c_ClaveUnidad,hf/raw/catalogos/anexo-20/factura-electronica/version-3-3/catCFDI.xls,ef6cf4fbedcbc5a3db993b9495186762327a75cd4c826f39d7055ccf28f7a46b,Catálogo de unidades de medida para los conceptos en el CFDI.,c_ClaveUnidad,8,clave|nombre|descripcion|nota|fecha_de_inicio_de_vigencia|fecha_de_fin_de_vigencia|simbolo|row_hash,7a6a1b8bcc3c41168899ece878e328e251b3c2c488b37703fbebd104c5f28c94,catalogo,2,1,,,
anexo-20/factura-electronica,3-3,c_CodigoPostal,hf/raw/catalogos/anexo-20/factura-electronica/version-3-3/catCFDI.xls,ef6cf4fbedcbc5a3db993b9495186762327a75cd4c826f39d7055ccf28f7a46b,Catálogo de códigos postales.,"c_CodigoPostal_Parte_1,c_CodigoPostal_Parte_2",17,clave|estado|municipio|localidad|estimulo_franja_fronteriza|fecha_inicio_de_vigencia|fecha_fin_de_vigencia|referencias_del_huso_horario_descripcion_del_huso_horario|mes_inicio_horario_verano|dia_inicio_horario_verano|dia_inicio_horario_verano|diferencia_horaria_verano|mes_inicio_horario_invierno|dia_inicio_horario_invierno|dia_inicio_horario_invierno|diferencia_horaria_invierno|row_hash,f80c4fac5c7b8782e38e84e552c14704d295f808026cec2f8b6eb3c8535de8d9,catalogo,4,9,2023-03-23,,
anexo-20/factura-electronica,3-3,c_FormaPago,hf/raw/catalogos/anexo-20/factura-electronica/version-3-3/catCFDI.xls,ef6cf4fbedcbc5a3db993b9495186762327a75cd4c826f39d7055ccf28f7a46b,Catálogo de formas de pago.,c_FormaPago,15,clave|descripcion|bancarizado|numero_de_operacion|rfc_del_emisor_de_la_cuenta_ordenante|cuenta_ordenante|patron_para_cuenta_ordenante|rfc_del_emisor_cuenta_de_beneficiario|cuenta_de_benenficiario|patron_para_cuenta_beneficiaria|tipo_cadena_pago|nombre_del_banco_emisor_de_la_cuenta_ordenante_en_caso_de_extranjero|fecha_inicio_de_vigencia|fecha_fin_de_vigencia|row_hash,7f91fef76239db24c45d0216185afec737a69b35e008e3fc92d60265cb5531f6,catalogo,1,0,,,
anexo-20/factura-electronica,3-3,c_Impuesto,hf/raw/catalogos/anexo-20/factura-electronica/version-3-3/catCFDI.xls,ef6cf4fbedcbc5a3db993b9495186762327a75cd4c826f39d7055ccf28f7a46b,Catálogo de impuestos.,c_Impuesto,7,clave|descripcion|retencion|traslado|local_o_federal|entidad_en_la_que_aplica|row_hash,9b558aef0349c4c4c3601af1b3eec06c432ce1c0fd1e4b4b2417668dcc35f375,catalogo,1,0,,2017-01-01,
anexo-20/factura-electronica,3-3,c_MetodoPago,hf/raw/catalogos/anexo-20/factura-electronica/version-3-3/catCFDI.xls,ef6cf4fbedcbc5a3db993b9495186762327a75cd4c826f39d7055ccf28f7a46b,Catálogo de Método de Pago.,c_MetodoPago,5,clave|descripcion|fecha_inicio_de_vigencia|fecha_fin_de_vigencia|row_hash,69e898e419c74959e463c97e19061e5622c16b337f1c8b2a081476873b893bc9,catalogo,2,0,,,
anexo-20/factura-electronica,3-3,c_Moneda,hf/raw/catalogos/anexo-20/factura-electronica/version-3-3/catCFDI.xls,ef6cf4fbedcbc5a3db993b9495186762327a75cd4c826f39d7055ccf28f7a46b,Catálogo de moneda.,c_Moneda,7,clave|descripcion|decimales|porcentaje_variacion|fecha_inicio_de_vigencia|fecha_fin_de_vigencia|row_hash,8bc356a464322ce0e3267446e89934bb5e84d5fee05fe1e08e49b2a2cd2cc5d6,catalogo,1,2,,,
anexo-20/factura-electronica,3-3,c_NumPedimentoAduana,hf/raw/catalogos/anexo-20/factura-electronica/version-3-3/catCFDI.xls,ef6cf4fbedcbc5a3db993b9495186762327a75cd4c826f39d7055ccf28f7a46b,Catálogo de números de pedimento operados por aduana y ejercicio.,c_NumPedimentoAduana,7,aduana|patente|ejercicio|cantidad|fecha_inicio_de_vigencia|fecha_fin_de_vigencia|row_hash,1f42081ea0a4bcca0f027d69c5ef7f0ba2a2b6b27142dd19a5c53b4b32882bad,catalogo,125,0,2023-03-23,,
anexo-20/factura-electronica,3-3,c_Pais,hf/raw/catalogos/anexo-20/factura-electronica/version-3-3/catCFDI.xls,ef6cf4fbedcbc5a3db993b9495186762327a75cd4c826f39d7055ccf28f7a46b,Catálogo de países.,c_Pais,7,clave|descripcion|formato_de_codigo_postal|formato_de_registro_de_identidad_tributaria|validacion_del_registro_de_identidad_tributaria|agrupaciones|row_hash,c555ae4ef93034b68f47954ee1e5f54a8fdb10b3f1ca131e2e186dc15de78483,catalogo,1,0,,2017-01-01,
anexo-20/factura-electronica,3-3,c_PatenteAduanal,hf/raw/catalogos/anexo-20/factura-electronica/version-3-3/catCFDI.xls,ef6cf4fbedcbc5a3db993b9495186762327a75cd4c826f39d7055ccf28f7a46b,Catálogo de patentes aduanales,c_PatenteAduanal,4,clave|inicio_de_vigencia_de_la_patente|fin_de_vigencia_de_la_patente|row_hash,e3e7688820622531b3f38d9ce3536c6d930566c319c800ede33d2410f0293849,catalogo,79,0,2023-03-23,,
anexo-20/factura-electronica,3-3,c_RegimenFiscal,hf/raw/catalogos/anexo-20/factura-electronica/version-3-3/catCFDI.xls,ef6cf4fbedcbc5a3db993b9495186762327a75cd4c826f39d7055ccf28f7a46b,Catálogo de Régimen Fiscal.,c_RegimenFiscal,7,clave|descripcion|fisica|moral|fecha_de_inicio_de_vigencia|fecha_de_fin_de_vigencia|row_hash,1b40bada547a484ed18a7126d9bb876fe8c03b62588cbefc245991de9ed2e847,catalogo,2,1,2020-05-25,,
anexo-20/factura-electronica,3-3,c_TasaOCuota,hf/raw/catalogos/anexo-20/factura-electronica/version-3-3/catCFDI.xls,ef6cf4fbedcbc5a3db993b9495186762327a75cd4c826f39d7055ccf28f7a46b,Catálogo de tasas o cuotas de impuestos.,c_TasaOCuota,10,rango_o_fijo|tasa_ocuota_valor_minimo|valor_maximo|impuesto|factor|traslado|retencion|fecha_inicio_de_vigencia|fecha_fin_de_vigencia|row_hash,b6696d62ac34abcc3f741a1a6ebbc8d2c6445c088fc23e75b85cbb8a549fa2dd,catalogo,2,3,2020-12-29,,
anexo-20/factura-electronica,3-3,c_TipoDeComprobante,hf/raw/catalogos/anexo-20/factura-electronica/version-3-3/catCFDI.xls,ef6cf4fbedcbc5a3db993b9495186762327a75cd4c826f39d7055ccf28f7a46b,Catálogo de tipos de comprobante.,c_TipoDeComprobante,6,clave|descripcion|valor_maximo|fecha_inicio_de_vigencia|fecha_fin_de_vigencia|row_hash,51e9dcfc445d8166b72340c765802a098b7cca82c8de94b39adcca9d57425728,catalogo,1.0,3,,,
anexo-20/factura-electronica,3-3,c_TipoFactor,hf/raw/catalogos/anexo-20/factura-electronica/version-3-3/catCFDI.xls,ef6cf4fbedcbc5a3db993b9495186762327a75cd4c826f39d7055ccf28f7a46b,Catálogo tipo factor.,c_TipoFactor,2,clave|row_hash,efc9b268d4665b0283967e28cd2a814f8145542165e005c3381983cbf08db8d0,catalogo,1,0,,2017-01-01,
anexo-20/factura-electronica,3-3,c_TipoRelacion,hf/raw/catalogos/anexo-20/factura-electronica/version-3-3/catCFDI.xls,ef6cf4fbedcbc5a3db993b9495186762327a75cd4c826f39d7055ccf28f7a46b,Catálogo de tipos de relación entre CFDI.,c_TipoRelacion,5,clave|descripcion|fecha_inicio_de_vigencia|fecha_fin_de_vigencia|row_hash,ab4615b35a3bcb81f4644fb0e5dc2c3234972576b9282db124ed021cb55c85b0,catalogo,2,1,,,
anexo-20/factura-electronica,3-3,c_UsoCFDI,hf/raw/catalogos/anexo-20/factura-electronica/version-3-3/catCFDI.xls,ef6cf4fbedcbc5a3db993b9495186762327a75cd4c826f39d7055ccf28f7a46b,Catálogo de uso de comprobantes.,c_UsoCFDI,7,clave|descripcion|aplica_para_tipo_persona_fisica|moral|fecha_inicio_de_vigencia|fecha_fin_de_vigencia|row_hash,325bcaf45eadcfd8eaaf9499e89228c140bb1b0a5442951d310a2e8c06c37322,catalogo,1,6,,,
anexo-20/factura-electronica,4-0,MatrizDeErrores_CFDI_v40,hf/raw/catalogos/anexo-20/formato-de-factura/version-4-0/MatrizDeErrores_CFDI_v40.xls,bdc350035c7ed720af5be15509e01d0bda7c12cec4ad9797b0c34f889c1140a7,matriz de codigos de error para el comprobante fiscal digital por internet. version 4.0,Códigos_Error_CFDI40,7,num|elemento|atributo|validacion|codigo_error|descripcion_de_codigo_de_error|row_hash,54d9f22edb3e7842da001c2cc9bf607e09b3b11b221ee08545977abc1a8c92e9,matriz,4.0,,2026-03-25,,
anexo-20/factura-electronica,4-0,c_Aduana,hf/raw/catalogos/anexo-20/factura-electronica/version-4-0/catCFDI.xls,98fedf75bd83ac963917d37afb23c462428f22a9e4a72f7acea62c28e3757767,"Catálogo de aduanas (tomado del anexo 22, apéndice I de la RGCE 2017).",c_Aduana,5,clave|descripcion|fecha_inicio_de_vigencia|fecha_fin_de_vigencia|row_hash,d91699e174ad94b132388ec8963e88299ebb7ecdfecd3a7474de22fe2b607f6f,catalogo,2,0,2023-01-13,2022-01-01,
anexo-20/factura-electronica,4-0,c_ClaveProdServ,hf/raw/catalogos/anexo-20/factura-electronica/version-4-0/catCFDI.xls,98fedf75bd83ac963917d37afb23c462428f22a9e4a72f7acea62c28e3757767,Catálogo de Claves de Productos y Servicios.,c_ClaveProdServ,10,clave|descripcion|incluir_iva_trasladado|incluir_ieps_trasladado|complemento_que_debe_incluir|fecha_de_inicio_de_vigencia|fecha_de_fin_de_vigencia|estimulo_franja_fronteriza|palabras_similares|row_hash,7930b3a3e9e4f81a11af7dd2af56aa2bd8ad3043e5e39ca60fa790fd3049f907,catalogo,2,2,2025-12-31,2022-01-01,
anexo-20/factura-electronica,4-0,c_ClaveUnidad,hf/raw/catalogos/anexo-20/factura-electronica/version-4-0/catCFDI.xls,98fedf75bd83ac963917d37afb23c462428f22a9e4a72f7acea62c28e3757767,Catálogo de unidades de medida para los conceptos en el CFDI.,c_ClaveUnidad,8,clave|nombre|descripcion|nota|fecha_de_inicio_de_vigencia|fecha_de_fin_de_vigencia|simbolo|row_hash,7cb7e2a77d400722a325e554afe2c8a4f46e13da20bb2193ece0d3abe7459db5,catalogo,1,0,,2022-01-01,
anexo-20/factura-electronica,4-0,c_CodigoPostal,hf/raw/catalogos/anexo-20/factura-electronica/version-4-0/catCFDI.xls,98fedf75bd83ac963917d37afb23c462428f22a9e4a72f7acea62c28e3757767,Catálogo de códigos postales.,"c_CodigoPostal_Parte_1,c_CodigoPostal_Parte_2",17,clave|estado|municipio|localidad|estimulo_franja_fronteriza|fecha_inicio_de_vigencia|fecha_fin_de_vigencia|referencias_del_huso_horario_descripcion_del_huso_horario|mes_inicio_horario_verano|dia_inicio_horario_verano|dia_inicio_horario_verano|diferencia_horaria_verano|mes_inicio_horario_invierno|dia_inicio_horario_invierno|dia_inicio_horario_invierno|diferencia_horaria_invierno|row_hash,9573a3478360bb0ea9be8c3456cb66eab5b55563d283fc5733222dc70610e0bb,catalogo,1,8,2026-01-22,2022-01-01,
anexo-20/factura-electronica,4-0,c_Colonia,hf/raw/catalogos/anexo-20/factura-electronica/version-4-0/catCFDI.xls,98fedf75bd83ac963917d37afb23c462428f22a9e4a72f7acea62c28e3757767,Catálogo de colonias.,"C_Colonia_1,C_Colonia_2,C_Colonia_3",4,clave|codigo_postal|nombre_del_asentamiento|row_hash,8f2ff8531de538e1c8ac43b469e226d12b79494d25002cafbd65f84947b895b2,catalogo,1,0,,2022-01-01,
anexo-20/factura-electronica,4-0,c_Estado,hf/raw/catalogos/anexo-20/factura-electronica/version-4-0/catCFDI.xls,98fedf75bd83ac963917d37afb23c462428f22a9e4a72f7acea62c28e3757767,Catálogo de estados.,c_Estado,6,clave|pais|nombre_del_estado|fecha_inicio_de_vigencia|fecha_fin_de_vigencia|row_hash,8d687b416bc0f3e9b59fb763d3e3a540d0ad241bd0bd671ccc3edd67371e4146,catalogo,1,0,,2022-01-01,
anexo-20/factura-electronica,4-0,c_Exportacion,hf/raw/catalogos/anexo-20/factura-electronica/version-4-0/catCFDI.xls,98fedf75bd83ac963917d37afb23c462428f22a9e4a72f7acea62c28e3757767,Catálogo exportación.,c_Exportacion,5,clave|descripcion|fecha_inicio_de_vigencia|fecha_fin_de_vigencia|row_hash,148be966a392bbaf789b3673e7284477c489657ffb65299b6da353219cea6491,catalogo,2,1,2022-02-24,2022-01-01,
anexo-20/factura-electronica,4-0,c_FormaPago,hf/raw/catalogos/anexo-20/factura-electronica/version-4-0/catCFDI.xls,98fedf75bd83ac963917d37afb23c462428f22a9e4a72f7acea62c28e3757767,Catálogo de formas de pago.,c_FormaPago,15,clave|descripcion|bancarizado|numero_de_operacion|rfc_del_emisor_de_la_cuenta_ordenante|cuenta_ordenante|patron_para_cuenta_ordenante|rfc_del_emisor_cuenta_de_beneficiario|cuenta_de_benenficiario|patron_para_cuenta_beneficiaria|tipo_cadena_pago|nombre_del_banco_emisor_de_la_cuenta_ordenante_en_caso_de_extranjero|fecha_inicio_de_vigencia|fecha_fin_de_vigencia|row_hash,673c5d04a474f9a283b6e31583f1619e870fc72e1c37b4607c0732e7955c02f0,catalogo,1,0,,2022-01-01,
anexo-20/factura-electronica,4-0,c_Impuesto,hf/raw/catalogos/anexo-20/factura-electronica/version-4-0/catCFDI.xls,98fedf75bd83ac963917d37afb23c462428f22a9e4a72f7acea62c28e3757767,Catálogo de impuestos.,c_Impuesto,8,clave|descripcion|retencion|traslado|local_o_federal|fecha_inicio_de_vigencia|fecha_fin_de_vigencia|row_hash,f055727bf1dfa7684388b5c06fdfba1fec2b9ec0e0b9a2f620b2451161100e42,catalogo,1,0,,2022-01-01,
anexo-20/factura-electronica,4-0,c_Localidad,hf/raw/catalogos/anexo-20/factura-electronica/version-4-0/catCFDI.xls,98fedf75bd83ac963917d37afb23c462428f22a9e4a72f7acea62c28e3757767,Catálogo de localidades.,C_Localidad,6,clave|estado|descripcion|fecha_de_inicio_de_vigencia|fecha_de_fin_de_vigencia|row_hash,11cdd1d46bfa0df913399f17cabde0da2c05f0adb0787ab1d093286a989f6708,catalogo,1,0,,2022-01-01,
anexo-20/factura-electronica,4-0,c_Meses,hf/raw/catalogos/anexo-20/factura-electronica/version-4-0/catCFDI.xls,98fedf75bd83ac963917d37afb23c462428f22a9e4a72f7acea62c28e3757767,Catálogo meses.,c_Meses,5,clave|descripcion|fecha_inicio_de_vigencia|fecha_fin_de_vigencia|row_hash,5a3eb5bbd9ca28cc8daf3db774459d10d3ad6cd5b886f9ffdad3b872af7088af,catalogo,1,0,,2022-01-01,
anexo-20/factura-electronica,4-0,c_MetodoPago,hf/raw/catalogos/anexo-20/factura-electronica/version-4-0/catCFDI.xls,98fedf75bd83ac963917d37afb23c462428f22a9e4a72f7acea62c28e3757767,Catálogo de Método de Pago.,c_MetodoPago,5,clave|descripcion|fecha_inicio_de_vigencia|fecha_fin_de_vigencia|row_hash,eda8e4a3de21ce098f8c11e5a83f2f26a087a2aace08cb3a99f47229837ee4bb,catalogo,1,0,,2022-01-01,
anexo-20/factura-electronica,4-0,c_Moneda,hf/raw/catalogos/anexo-20/factura-electronica/version-4-0/catCFDI.xls,98fedf75bd83ac963917d37afb23c462428f22a9e4a72f7acea62c28e3757767,Catálogo de moneda.,c_Moneda,7,clave|descripcion|decimales|porcentaje_variacion|fecha_inicio_de_vigencia|fecha_fin_de_vigencia|row_hash,61cc79352af3b1bf51925d010526ae31915b800b2e6e1e3c56c0769c8dd31ad1,catalogo,1,1,,2022-01-01,
anexo-20/factura-electronica,4-0,c_Municipio,hf/raw/catalogos/anexo-20/factura-electronica/version-4-0/catCFDI.xls,98fedf75bd83ac963917d37afb23c462428f22a9e4a72f7acea62c28e3757767,Catálogo de municipios.,C_Municipio,6,clave|estado|descripcion|fecha_de_inicio_de_vigencia|fecha_de_fin_de_vigencia|row_hash,956849b161c0e76c152d6ee7d0afcc510dd89ce1120cd3800c55b8d398cb7d40,catalogo,1,1,2026-01-22,2022-01-01,
anexo-20/factura-electronica,4-0,c_NumPedimentoAduana,hf/raw/catalogos/anexo-20/factura-electronica/version-4-0/catCFDI.xls,98fedf75bd83ac963917d37afb23c462428f22a9e4a72f7acea62c28e3757767,Catálogo de números de pedimento operados por aduana y ejercicio.,c_NumPedimentoAduana,7,aduana|patente|ejercicio|cantidad|fecha_inicio_de_vigencia|fecha_fin_de_vigencia|row_hash,a8e09c51a09888d86d87e4db9b02e02048527ce23633bda94ec6255e55af1bb5,catalogo,109,0,2026-03-24,2022-01-01,
anexo-20/factura-electronica,4-0,c_ObjetoImp,hf/raw/catalogos/anexo-20/factura-electronica/version-4-0/catCFDI.xls,98fedf75bd83ac963917d37afb23c462428f22a9e4a72f7acea62c28e3757767,Catálogo Objeto impuesto.,c_ObjetoImp,5,clave|descripcion|fecha_inicio_de_vigencia|fecha_fin_de_vigencia|row_hash,7287da95876064fb7b683f18a04a7857f787b2f1fa9bfd47b8b36a1dfa817bc8,catalogo,4,0,2024-12-13,2022-01-01,
anexo-20/factura-electronica,4-0,c_Pais,hf/raw/catalogos/anexo-20/factura-electronica/version-4-0/catCFDI.xls,98fedf75bd83ac963917d37afb23c462428f22a9e4a72f7acea62c28e3757767,Catálogo de países.,c_Pais,7,clave|descripcion|formato_de_codigo_postal|formato_de_registro_de_identidad_tributaria|validacion_del_registro_de_identidad_tributaria|agrupaciones|row_hash,c555ae4ef93034b68f47954ee1e5f54a8fdb10b3f1ca131e2e186dc15de78483,catalogo,1,0,,2022-01-01,
anexo-20/factura-electronica,4-0,c_PatenteAduanal,hf/raw/catalogos/anexo-20/factura-electronica/version-4-0/catCFDI.xls,98fedf75bd83ac963917d37afb23c462428f22a9e4a72f7acea62c28e3757767,Catálogo de patentes aduanales,c_PatenteAduanal,4,clave|inicio_de_vigencia_de_la_patente|fin_de_vigencia_de_la_patente|row_hash,a53e623d1ac53d2371016267c1c5689130245a7f700ec096fa65fc3158a1d3e2,catalogo,42,0,2026-03-02,2022-01-01,
anexo-20/factura-electronica,4-0,c_Periodicidad,hf/raw/catalogos/anexo-20/factura-electronica/version-4-0/catCFDI.xls,98fedf75bd83ac963917d37afb23c462428f22a9e4a72f7acea62c28e3757767,Catálogo periodicidad.,c_Periodicidad,5,clave|descripcion|fecha_inicio_de_vigencia|fecha_fin_de_vigencia|row_hash,99dfb14ea994b010332068aff24d254b4743deef2abb1e6146c52f5856e1df18,catalogo,1,0,,2022-01-01,
anexo-20/factura-electronica,4-0,c_RegimenFiscal,hf/raw/catalogos/anexo-20/factura-electronica/version-4-0/catCFDI.xls,98fedf75bd83ac963917d37afb23c462428f22a9e4a72f7acea62c28e3757767,Catálogo de Régimen Fiscal.,c_RegimenFiscal,7,clave|descripcion|fisica|moral|fecha_de_inicio_de_vigencia|fecha_de_fin_de_vigencia|row_hash,caac9ecc33a6cccea9a65c641cd55c64f1cf1932d1b79bd65c767123a49983e1,catalogo,1,0,,2022-01-01,
anexo-20/factura-electronica,4-0,c_TasaOCuota,hf/raw/catalogos/anexo-20/factura-electronica/version-4-0/catCFDI.xls,98fedf75bd83ac963917d37afb23c462428f22a9e4a72f7acea62c28e3757767,Catálogo de tasas o cuotas de impuestos.,c_TasaOCuota,10,rango_o_fijo|tasa_ocuota_valor_minimo|valor_maximo|impuesto|factor|traslado|retencion|fecha_inicio_de_vigencia|fecha_fin_de_vigencia|row_hash,931dc0a9884a96ac1f88d76e3cd56659ee0e21d8e4f64a918a69507d3fe01fc0,catalogo,4,0,2025-12-31,2026-01-02,
anexo-20/factura-electronica,4-0,c_TipoDeComprobante,hf/raw/catalogos/anexo-20/factura-electronica/version-4-0/catCFDI.xls,98fedf75bd83ac963917d37afb23c462428f22a9e4a72f7acea62c28e3757767,Catálogo de tipos de comprobante.,c_TipoDeComprobante,6,clave|descripcion|valor_maximo|fecha_inicio_de_vigencia|fecha_fin_de_vigencia|row_hash,dedc3a9793ade542ccb4998fd3ef2e800499031e8aeba33a8bbcecbdbc529103,catalogo,1,0,,2022-01-01,
anexo-20/factura-electronica,4-0,c_TipoFactor,hf/raw/catalogos/anexo-20/factura-electronica/version-4-0/catCFDI.xls,98fedf75bd83ac963917d37afb23c462428f22a9e4a72f7acea62c28e3757767,Catálogo tipo factor.,c_TipoFactor,4,clave|fecha_inicio_de_vigencia|fecha_fin_de_vigencia|row_hash,8da923afeebffd65419f330c00ac4a96e13eff4cf8b34baf9c90ab23e5ea0eaa,catalogo,1,0,,2022-01-01,
anexo-20/factura-electronica,4-0,c_TipoRelacion,hf/raw/catalogos/anexo-20/factura-electronica/version-4-0/catCFDI.xls,98fedf75bd83ac963917d37afb23c462428f22a9e4a72f7acea62c28e3757767,Catálogo de tipos de relación entre CFDI.,c_TipoRelacion,5,clave|descripcion|fecha_inicio_de_vigencia|fecha_fin_de_vigencia|row_hash,e448f1bc20c1816f9d359803e440be3039ad876a7b1cc8cc4984750c8f8239ee,catalogo,1,0,,2022-01-01,
anexo-20/factura-electronica,4-0,c_UsoCFDI,hf/raw/catalogos/anexo-20/factura-electronica/version-4-0/catCFDI.xls,98fedf75bd83ac963917d37afb23c462428f22a9e4a72f7acea62c28e3757767,Catálogo de uso de comprobantes.,c_UsoCFDI,8,clave|descripcion|aplica_para_tipo_persona_fisica|moral|fecha_inicio_de_vigencia|fecha_fin_de_vigencia|regimen_fiscal_receptor|row_hash,772296aa3057d402d70ba306db6ed256a9bd131a927952d1225e566e1594b85f,catalogo,2,0,2023-04-22,2022-01-01,
complementos-concepto/hidrocarburos-y-petroliferos,1-0,Matriz_Errores_CC_HYP,hf/raw/catalogos/complementos-concepto/hidrocarburos-y-petroliferos/version-1-0/Matriz_Errores_CC_HYP.xlsx,d64444030dbc013fc224675468ac156d49cdc9d4c139e5e111d12f5a620b45cd,matriz de codigos de error para el complemento concepto para la facturacion de hidrocarburos y petroliferos,HidroYPetro,7,num|elemento|atributo|caso_de_validacion|codigo_error|descripcion_de_codigo_de_error|row_hash,15595733b581741ae24e00b23fa49ac8a71e4b78881407a9bfc01c0fbd9e0e72,matriz,1.0,,,,
complementos-concepto/hidrocarburos-y-petroliferos,1-0,c_ClaveHYP,hf/raw/catalogos/complementos-concepto/hidrocarburos-y-petroliferos/version-1-0/cat_Hidro_Y_Petro.xlsx,8bcfb7e42381263091d463f1732584c92e42ab2ac7f380b4b307247782eeb71f,Catálogo ClaveHYP,c_ClaveHYP,7,clave_producto|descripcion|clave_unidad|sub_producto|fecha_inicio_de_vigencia|fecha_fin_de_vigencia|row_hash,3302366b4f2b2be4a1c3ecd1e4383f3860fa41affc5b3c3cd0fd6c6efed95217,catalogo,1,0,2026-03-25,2026-04-24,
complementos-concepto/hidrocarburos-y-petroliferos,1-0,c_SubProductoHYP,hf/raw/catalogos/complementos-concepto/hidrocarburos-y-petroliferos/version-1-0/cat_Hidro_Y_Petro.xlsx,8bcfb7e42381263091d463f1732584c92e42ab2ac7f380b4b307247782eeb71f,Catálogo SubProductoHYP,c_SubProductoHYP,6,clave_sub_producto|descripcion|categoria|fecha_inicio_de_vigencia|fecha_fin_de_vigencia|row_hash,93ab2d0563a38d8426fb9266892b10df531c1c72518e1ee4e3b541d05010a861,catalogo,1,0,2026-03-25,2026-04-24,
complementos-concepto/hidrocarburos-y-petroliferos,1-0,c_TipoPermiso,hf/raw/catalogos/complementos-concepto/hidrocarburos-y-petroliferos/version-1-0/cat_Hidro_Y_Petro.xlsx,8bcfb7e42381263091d463f1732584c92e42ab2ac7f380b4b307247782eeb71f,Catálogo Tipo de Permiso,c_TipoPermiso,7,clave|descripcion|nomenclatura_del_numero_de_permiso|patron_numero_de_permiso|fecha_inicio_de_vigencia|fecha_fin_de_vigencia|row_hash,e37109910e4471ad487f1671971cb1a4d582c5e212c91a6049de10530bb06933,catalogo,1,0,2026-03-25,2026-04-24,
complementos-retenciones/planes-de-retiro,1-1-b,Matriz_Apoyo_PlanesdeRetiro11,hf/raw/catalogos/complementos-retenciones/planes-de-retiro/version-1-1-revision-b/Matriz_Apoyo_PlanesdeRetiro11.XLS,12691fc4c98488e31e1713f6e92cd501b88a9572458aa37268fa1788638b927b,matriz de validaciones para el complemento de planes de retiro 1.1,Validaciones Planesderetiro,7,num|elemento|atributo|caso_de_validacion|codigo_error|descripcion_de_codigo_de_error|row_hash,ee853b993ea8146089d7ea6c4a92c49fa41bf4ffed58aaf5ea171c1131e28121,matriz,1.1,B,,,
complementos-retenciones/servicios-de-plataformas-tecnologicas,1-0-e,Matriz_errores_Servicios_de_Plataformas_Tecnologicas_v10rC+,hf/raw/catalogos/complementos-retenciones/servicios-de-plataformas-tecnologicas/version-1-0-revision-e/Matriz_errores_Servicios_de_Plataformas_Tecnologicas_v10rC+.xlsx,d39e4b42b3fe7655ded05fa526700e2b4eb12117c60ad68c0282739715d548b3,"matriz de errores para el complemento servicios plataformas tecnologicas, revision ""c"".",Validaciones ServPlatTec_RevC,8,num|elemento|atributo|caso_de_validacion|codigo_error|error|aclaraciones|row_hash,12d975ff88f54909faca296685b8fafbc249c797592ac1e16832480eb2f4f235,matriz,1.0,E,,,
complementos-retenciones/servicios-de-plataformas-tecnologicas,1-0-e,c_FormaPagoServ,hf/raw/catalogos/complementos-retenciones/servicios-de-plataformas-tecnologicas/version-1-0-revision-e/09012025_cat_PlataformasTecnologicas.xls,a69f2a2d08cffb1e341d27a00cebd89d4d501ed227df342c68a46c378a3187f9,Catálogo de Forma de Pago.,c_FormaPagoServ,5,clave|descripcion|fecha_inicio_de_vigencia|fecha_fin_de_vigencia|row_hash,67d6cfd5ec679faa7f8a56d4df273497da56dcab6383ae255a50a812b7fbc0f4,catalogo,2,0,2020-05-01,,
complementos-retenciones/servicios-de-plataformas-tecnologicas,1-0-e,c_RangoDiarioRet,hf/raw/catalogos/complementos-retenciones/servicios-de-plataformas-tecnologicas/version-1-0-revision-e/09012025_cat_PlataformasTecnologicas.xls,a69f2a2d08cffb1e341d27a00cebd89d4d501ed227df342c68a46c378a3187f9,Catálogo de Rango Diario de Retenciones,c_RangoDiarioRet,10,rango_men_ret|valor_minimo|valor_maximo|isr|iva|fecha_de_inicio_de_vigencia|fecha_de_fin_de_vigencia|ejercicio|tipo_de_serv|row_hash,70ae39b1abc4b2ca52c1c96e2c0df97778cc23398b35d7b5e72e9267fe791368,catalogo,1,C,2020-12-23,,
complementos-retenciones/servicios-de-plataformas-tecnologicas,1-0-e,c_RangoMenRet,hf/raw/catalogos/complementos-retenciones/servicios-de-plataformas-tecnologicas/version-1-0-revision-e/09012025_cat_PlataformasTecnologicas.xls,a69f2a2d08cffb1e341d27a00cebd89d4d501ed227df342c68a46c378a3187f9,Catálogo de Rango Mensual de Retenciones,c_RangoMenRet,10,clave|valor_minimo|valor_maximo|isr|iva|fecha_de_inicio_de_vigencia|fecha_de_fin_de_vigencia|ejercicio|tipo_de_serv|row_hash,232c0ef4e0c23c5a425951840775154ca7e3fbfdfdbad308eb5e48cd52f55c85,catalogo,3,C,2020-12-23,,
complementos-retenciones/servicios-de-plataformas-tecnologicas,1-0-e,c_RangoQuinRet,hf/raw/catalogos/complementos-retenciones/servicios-de-plataformas-tecnologicas/version-1-0-revision-e/09012025_cat_PlataformasTecnologicas.xls,a69f2a2d08cffb1e341d27a00cebd89d4d501ed227df342c68a46c378a3187f9,Catálogo de Rango Quincenal de Retenciones,c_RangoQuinRet,10,rango_men_ret|valor_minimo|valor_maximo|isr|iva|fecha_de_inicio_de_vigencia|fecha_de_fin_de_vigencia|ejercicio|tipo_de_serv|row_hash,fd72fa0df541d4cc77b9cd6cd6772d275f1c88832185249f7e1f3b154b7047f5,catalogo,1,B,2020-12-23,,
complementos-retenciones/servicios-de-plataformas-tecnologicas,1-0-e,c_RangoSemRet,hf/raw/catalogos/complementos-retenciones/servicios-de-plataformas-tecnologicas/version-1-0-revision-e/09012025_cat_PlataformasTecnologicas.xls,a69f2a2d08cffb1e341d27a00cebd89d4d501ed227df342c68a46c378a3187f9,Catálogo de Rango Semanal de Retenciones,c_RangoSemRet,10,clave|valor_minimo|valor_maximo|isr|iva|fecha_de_inicio_de_vigencia|fecha_de_fin_de_vigencia|ejercicio|tipo_de_serv|row_hash,23e6d07ecf5ac5fe0558dda08caf9b9ad5122b0703765ddc898c32bfabc6373e,catalogo,3,C,2020-12-23,,
complementos-retenciones/servicios-de-plataformas-tecnologicas,1-0-e,c_SubTipoServ,hf/raw/catalogos/complementos-retenciones/servicios-de-plataformas-tecnologicas/version-1-0-revision-e/09012025_cat_PlataformasTecnologicas.xls,a69f2a2d08cffb1e341d27a00cebd89d4d501ed227df342c68a46c378a3187f9,Catálogo de SubTipo de Servicio.,c_SubTipoServ,6,clave|descripcion|tipo_de_servicio|fecha_inicio_de_vigencia|fecha_fin_de_vigencia|row_hash,c5476d993d202204fc76259eecd98cb3c1214632cc16266dad1b0f56c6746007,catalogo,1,0,2019-04-30,,
complementos-retenciones/servicios-de-plataformas-tecnologicas,1-0-e,c_TasaCuota,hf/raw/catalogos/complementos-retenciones/servicios-de-plataformas-tecnologicas/version-1-0-revision-e/09012025_cat_PlataformasTecnologicas.xls,a69f2a2d08cffb1e341d27a00cebd89d4d501ed227df342c68a46c378a3187f9,Catálogo de Tasas o Cuotas de Impuestos.,c_TasaCuota,2,clave|row_hash,098967efaf2e8307a235b33ae249828c1f9c53e1f98bf0c140bcb41cb24e73d6,catalogo,2,0,2020-05-01,2019-06-01,
complementos-retenciones/servicios-de-plataformas-tecnologicas,1-0-e,c_TipoDeServ,hf/raw/catalogos/complementos-retenciones/servicios-de-plataformas-tecnologicas/version-1-0-revision-e/09012025_cat_PlataformasTecnologicas.xls,a69f2a2d08cffb1e341d27a00cebd89d4d501ed227df342c68a46c378a3187f9,Catálogo de Tipo de Servicio.,c_TipoDeServ,10,clave|descripcion|fecha_inicio_de_vigencia_clave_tipo_de_servicio|fecha_fin_de_vigencia_clave_tipo_de_servicio|tasa_de_retencion_isr|iva|ejercicio|fecha_inicio_de_vigencia_tasa_de_retencion|fecha_fin_de_vigencia_tasa_de_retencion|row_hash,5e0b799a3d6b9164ae13f007383cde3a35f645ef55c4757cfb4c5f6a142ac4d6,catalogo,7,0,2025-01-09,,
complementos/carta-porte,3-1,Matriz_Errores_CCP_V31,hf/raw/catalogos/complementos/carta-porte/version-3-1/Matriz_Errores_CCP_V31.xls,5435ed272510461ff24f22ab675a7dd86013894fdb9cb98e4ae0655b6246c5c3,matriz de errores para complemento carta porte 3.1,Validaciones Carta Porte 3.1,8,num|elemento|atributo|caso_de_validacion|codigo_error|error|aclaraciones|row_hash,e6c30d2f67d14da2bae2c21b6507983a4c68ba677ecf66c8a9cd9337796ed1f4,matriz,3.1,,2024-06-17,,
complementos/carta-porte,3-1,c_ClaveProdServCP,hf/raw/catalogos/complementos/carta-porte/version-3-1/Catalogos_Carta_Porte.xls,c457a7d67be11c2557fbe1dfa3d30a8450c5312d4b9ef06b094a3d7ca26415ad,Catálogo de productos Carta Porte.,c_ClaveProdServCP,7,clave_prod_serv|descripcion|palabras_similares|material_peligroso|fecha_de_inicio_de_vigencia|fecha_de_fin_de_vigencia|row_hash,547f87e0f93e560da8ae8d3de64975e776f28a6bf884846f2343a4e3f2628a9d,catalogo,1,1,03/09/2025,,
complementos/carta-porte,3-1,c_ClaveTipoCarga,hf/raw/catalogos/complementos/carta-porte/version-3-1/Catalogos_Carta_Porte.xls,c457a7d67be11c2557fbe1dfa3d30a8450c5312d4b9ef06b094a3d7ca26415ad,Catálogo del tipo de carga.,c_ClaveTipoCarga,5,clave|descripcion|fecha_inicio_de_vigencia|fecha_fin_de_vigencia|row_hash,2cfa4c62b18327ccb3033916ea0009f0daf9798f38e78507875143bbbdbbbab3,catalogo,1,0,2024-06-17,,
complementos/carta-porte,3-1,c_ClaveUnidadPeso,hf/raw/catalogos/complementos/carta-porte/version-3-1/Catalogos_Carta_Porte.xls,c457a7d67be11c2557fbe1dfa3d30a8450c5312d4b9ef06b094a3d7ca26415ad,Catálogo de unidades de medida y embalaje.,c_ClaveUnidadPeso,9,clave_unidad|nombre|descripcion|nota|fecha_de_inicio_de_vigencia|fecha_de_fin_de_vigencia|simbolo|bandera|row_hash,2c6f83ecc69998f1873ebe4b22b9ee9ae6c1387ecd53e6908e4a33ab8aa3ae7d,catalogo,1.0,0,2024-06-17,,
complementos/carta-porte,3-1,c_CodigoTransporteAereo,hf/raw/catalogos/complementos/carta-porte/version-3-1/Catalogos_Carta_Porte.xls,c457a7d67be11c2557fbe1dfa3d30a8450c5312d4b9ef06b094a3d7ca26415ad,Catálogo código transporte aéreo.,c_CodigoTransporteAereo,7,clave_identificacion|nacionalidad|nombre_de_la_aerolinea|designador_oaci|fecha_de_inicio_de_vigencia|fecha_de_fin_de_vigencia|row_hash,6a0c8260f4bc5c77747f19273ce4d6bda2e6502094ef2ade1a3b899a3de9cf29,catalogo,2,0,2024-10-09,,
complementos/carta-porte,3-1,c_Colonia,hf/raw/catalogos/complementos/carta-porte/version-3-1/Catalogos_Carta_Porte.xls,c457a7d67be11c2557fbe1dfa3d30a8450c5312d4b9ef06b094a3d7ca26415ad,Catálogo de colonias.,"c_Colonia_1,c_Colonia_2,c_Colonia_3",4,clave|codigo_postal|nombre_del_asentamiento|row_hash,f289807644e05b6500705595d134834c4a86a2fead4fbb00d16beff190e2e3fd,catalogo,1,0,,2024-07-17,
complementos/carta-porte,3-1,c_CondicionesEspeciales,hf/raw/catalogos/complementos/carta-porte/version-3-1/Catalogos_Carta_Porte.xls,c457a7d67be11c2557fbe1dfa3d30a8450c5312d4b9ef06b094a3d7ca26415ad,Catálogo de Condiciones especiales del Transporte,c_CondicionesEspeciales,5,clave|descripcion|fecha_inicio_de_vigencia|fecha_fin_de_vigencia|row_hash,8abbce8ec191a63c9b1b735b087e89d500ae99db5e7dc0c6c32515f121ab8758,catalogo,1,0,2024-06-17,,
complementos/carta-porte,3-1,c_ConfigAutotransporte,hf/raw/catalogos/complementos/carta-porte/version-3-1/Catalogos_Carta_Porte.xls,c457a7d67be11c2557fbe1dfa3d30a8450c5312d4b9ef06b094a3d7ca26415ad,Catálogo de configuración autotransporte federal.,c_ConfigAutotransporte,8,clave_nomenclatura|descripcion|numero_de_ejes|numero_de_llantas|remolque|fecha_de_inicio_de_vigencia|fecha_de_fin_de_vigencia|row_hash,3565f78ce4b894f6678ad34101c3509a1b8d809a1f1ad98e629a5944945ea478,catalogo,1,0,2024-06-17,,
complementos/carta-porte,3-1,c_ConfigMaritima,hf/raw/catalogos/complementos/carta-porte/version-3-1/Catalogos_Carta_Porte.xls,c457a7d67be11c2557fbe1dfa3d30a8450c5312d4b9ef06b094a3d7ca26415ad,Catálogo de configuración marítima.,c_ConfigMaritima,5,clave_configuracion_maritima|descripcion|fecha_de_inicio_de_vigencia|fecha_de_fin_de_vigencia|row_hash,8a3ca5e9c6139299abad40a85a827f279fab71a25506df1bbde617de8d52ba46,catalogo,1,0,2024-06-17,,
complementos/carta-porte,3-1,c_Contenedor,hf/raw/catalogos/complementos/carta-porte/version-3-1/Catalogos_Carta_Porte.xls,c457a7d67be11c2557fbe1dfa3d30a8450c5312d4b9ef06b094a3d7ca26415ad,Catálogo de tipo de contenedor.,c_Contenedor,6,clave|tipo_de_contenedor|descripcion|fecha_de_inicio_de_vigencia|fecha_de_fin_de_vigencia|row_hash,1fc18528df0b83353c5db792e5146e5086e90828a0ff0f756b8ed1292f73b8d8,catalogo,1,0,2024-06-17,,
complementos/carta-porte,3-1,c_ContenedorMaritimo,hf/raw/catalogos/complementos/carta-porte/version-3-1/Catalogos_Carta_Porte.xls,c457a7d67be11c2557fbe1dfa3d30a8450c5312d4b9ef06b094a3d7ca26415ad,Catálogo de contenedores marítimos.,c_ContenedorMaritimo,5,clave_del_contenedor_maritimo|descripcion|fecha_de_inicio_de_vigencia|fecha_de_fin_de_vigencia|row_hash,6d0ec867f79c5a490fff097a06663a4d59021e3148a882c4ec6b28716d315ec8,catalogo,1,0,2024-06-17,,
complementos/carta-porte,3-1,c_CveTransporte,hf/raw/catalogos/complementos/carta-porte/version-3-1/Catalogos_Carta_Porte.xls,c457a7d67be11c2557fbe1dfa3d30a8450c5312d4b9ef06b094a3d7ca26415ad,Catálogo de la clave del transporte.,c_CveTransporte,5,clave_transporte|descripcion_del_tipo_de_transporte|fecha_inicio_de_vigencia|fecha_fin_de_vigencia|row_hash,b691f182cffd8e5b6c62fabd910be5957a72fe7215d4a2f606345bbb903ee64e,catalogo,1,0,2024-06-17,,
complementos/carta-porte,3-1,c_DerechosDePaso,hf/raw/catalogos/complementos/carta-porte/version-3-1/Catalogos_Carta_Porte.xls,c457a7d67be11c2557fbe1dfa3d30a8450c5312d4b9ef06b094a3d7ca26415ad,Catálogo derechos de paso.,c_DerechosDePaso,9,clave_del_derecho_de_paso|derecho_de_paso|entre|hasta|otorga_recibe|concesionario|fecha_de_inicio_de_vigencia|fecha_de_fin_de_vigencia|row_hash,1c5426ff41f8471559a31d73d0ec48b7d25a5656b4f7491e323ddae0b95f023e,catalogo,1,0,2024-06-17,,
complementos/carta-porte,3-1,c_DocumentoAduanero,hf/raw/catalogos/complementos/carta-porte/version-3-1/Catalogos_Carta_Porte.xls,c457a7d67be11c2557fbe1dfa3d30a8450c5312d4b9ef06b094a3d7ca26415ad,Catálogo de Documentos Aduaneros,c_DocumentoAduanero,5,clave|descripcion|fecha_inicio_de_vigencia|fecha_fin_de_vigencia|row_hash,d2619d8812430757be583bcc5398d7767bb9e8d83a322fcc8982c347fa099a7a,catalogo,1,0,2024-06-17,,
complementos/carta-porte,3-1,c_Estaciones ,hf/raw/catalogos/complementos/carta-porte/version-3-1/Catalogos_Carta_Porte.xls,c457a7d67be11c2557fbe1dfa3d30a8450c5312d4b9ef06b094a3d7ca26415ad,"Catálogo de puertos marítimos, estaciones aeroportuarias y estaciones férreas.",c_Estaciones ,9,clave_identificacion|descripcion|clave_transporte|nacionalidad|designador_iata|linea_ferrea|fecha_de_inicio_de_vigencia|fecha_de_fin_de_vigencia|row_hash,45b66a3e336d3ffe9ebcc0106dda82e7a314587365be75ff4ea15b7ecf60c8cb,catalogo,1,0,2024-06-17,,
complementos/carta-porte,3-1,c_FiguraTransporte,hf/raw/catalogos/complementos/carta-porte/version-3-1/Catalogos_Carta_Porte.xls,c457a7d67be11c2557fbe1dfa3d30a8450c5312d4b9ef06b094a3d7ca26415ad,Catálogo de figura transporte.,c_FiguraTransporte,5,clave_figura_transporte|descripcion|fecha_inicio_de_vigencia|fecha_fin_de_vigencia|row_hash,2d730f401d4236e7e16164f2ab9e9329f46d4810ba94eedc7529673a147815e8,catalogo,2,0,2024-07-26,,
complementos/carta-porte,3-1,c_FormaFarmaceutica,hf/raw/catalogos/complementos/carta-porte/version-3-1/Catalogos_Carta_Porte.xls,c457a7d67be11c2557fbe1dfa3d30a8450c5312d4b9ef06b094a3d7ca26415ad,Catálogo de Forma Farmacéutica,c_FormaFarmaceutica,5,clave|descripcion|fecha_inicio_de_vigencia|fecha_fin_de_vigencia|row_hash,9f0c4e0849747d7f41c1d73ae0277017e182c7b828de46c46795af7867edb1ff,catalogo,1,0,2024-06-17,,
complementos/carta-porte,3-1,c_Localidad,hf/raw/catalogos/complementos/carta-porte/version-3-1/Catalogos_Carta_Porte.xls,c457a7d67be11c2557fbe1dfa3d30a8450c5312d4b9ef06b094a3d7ca26415ad,Catálogo de localidades.,c_Localidad,6,clave|estado|descripcion|fecha_de_inicio_de_vigencia|fecha_de_fin_de_vigencia|row_hash,e6b339a28a759f715dc64b4495f4d7fed2020af7a403f42370fe72b902da7b44,catalogo,1,0,2024-06-17,2024-07-17,
complementos/carta-porte,3-1,c_MaterialPeligroso,hf/raw/catalogos/complementos/carta-porte/version-3-1/Catalogos_Carta_Porte.xls,c457a7d67be11c2557fbe1dfa3d30a8450c5312d4b9ef06b094a3d7ca26415ad,Catálogo de materiales peligrosos.,c_MaterialPeligroso,8,clave_material_peligroso|descripcion|clase_o_div|peligro_secundario|nombre_tecnico|fecha_de_inicio_de_vigencia|fecha_de_fin_de_vigencia|row_hash,cd0c3421d1e5f7b83dbb4fe2a9eae3b73d1d91863df87d887180682eec2353ec,catalogo,1,0,2024-06-17,,
complementos/carta-porte,3-1,c_Municipio,hf/raw/catalogos/complementos/carta-porte/version-3-1/Catalogos_Carta_Porte.xls,c457a7d67be11c2557fbe1dfa3d30a8450c5312d4b9ef06b094a3d7ca26415ad,Catálogo de municipios.,c_Municipio,6,clave|estado|descripcion|fecha_de_inicio_de_vigencia|fecha_de_fin_de_vigencia|row_hash,9fae657f97e0ff33efa783bd5db2fdfb2bf7cc41fba8a9905d6cdf2f2e73141b,catalogo,1,0,2024-06-17,2024-07-17,
complementos/carta-porte,3-1,c_NumAutorizacionNaviero,hf/raw/catalogos/complementos/carta-porte/version-3-1/Catalogos_Carta_Porte.xls,c457a7d67be11c2557fbe1dfa3d30a8450c5312d4b9ef06b094a3d7ca26415ad,Catálogo de número autorización agente naviero consignatario.,c_NumAutorizacionNaviero,4,numero_de_autorizacion|inicio_de_vigencia|fin_de_vigencia|row_hash,3531d2cb00cc7ed9e71399e05492e2475407f55abea11cead98a5b32874c0fa2,catalogo,10,1,2026-01-15,,
complementos/carta-porte,3-1,c_ParteTransporte,hf/raw/catalogos/complementos/carta-porte/version-3-1/Catalogos_Carta_Porte.xls,c457a7d67be11c2557fbe1dfa3d30a8450c5312d4b9ef06b094a3d7ca26415ad,Catálogo de partes del transporte rentadas o prestadas.,c_ParteTransporte,5,clave|descripcion|fecha_de_inicio_de_vigencia|fecha_de_fin_de_vigencia|row_hash,d51eaf04221ac67dc5ebd9bf754cc9acfd0cad4a047019513953e368d429bf4b,catalogo,1,0,2024-06-17,,
complementos/carta-porte,3-1,c_RegimenAduanero,hf/raw/catalogos/complementos/carta-porte/version-3-1/Catalogos_Carta_Porte.xls,c457a7d67be11c2557fbe1dfa3d30a8450c5312d4b9ef06b094a3d7ca26415ad,Catálogo de Régimen Aduanero,c_RegimenAduanero,6,clave|descripcion|impo_expo|fecha_inicio_de_vigencia|fecha_fin_de_vigencia|row_hash,00d659f47297af56eb68c229c6f7d135160096546b9c1a6cd276fc629df02394,catalogo,1,0,2024-06-17,,
complementos/carta-porte,3-1,c_RegistroISTMO,hf/raw/catalogos/complementos/carta-porte/version-3-1/Catalogos_Carta_Porte.xls,c457a7d67be11c2557fbe1dfa3d30a8450c5312d4b9ef06b094a3d7ca26415ad,Catálogo de Ubicaciones Polos ISTMO,c_RegistroISTMO,5,clave|descripcion|fecha_inicio_de_vigencia|fecha_fin_de_vigencia|row_hash,e161a324dcf66b60dab2e50b3673d205bbbd89dce86a9975deac65b2dee523a8,catalogo,1,0,2024-06-17,,
complementos/carta-porte,3-1,c_SectorCOFEPRIS,hf/raw/catalogos/complementos/carta-porte/version-3-1/Catalogos_Carta_Porte.xls,c457a7d67be11c2557fbe1dfa3d30a8450c5312d4b9ef06b094a3d7ca26415ad,Catálogo de Sector COFEPRIS,c_SectorCOFEPRIS,5,clave|descripcion|fecha_inicio_de_vigencia|fecha_fin_de_vigencia|row_hash,8660f0703a4c9cf6e602066b16720b8949cc7b6b95ca14275a2a61eff3e29220,catalogo,1,0,2024-06-17,,
complementos/carta-porte,3-1,c_TipoCarro,hf/raw/catalogos/complementos/carta-porte/version-3-1/Catalogos_Carta_Porte.xls,c457a7d67be11c2557fbe1dfa3d30a8450c5312d4b9ef06b094a3d7ca26415ad,Catálogo de tipo de carro.,c_TipoCarro,6,clave|tipo_de_carro|contenedor|fecha_de_inicio_de_vigencia|fecha_de_fin_de_vigencia|row_hash,93aac9c83f97aff379403a07f365c5c1e4c49c5798ba07d274c24141f35437c6,catalogo,1,0,2024-06-17,,
complementos/carta-porte,3-1,c_TipoDeServicio,hf/raw/catalogos/complementos/carta-porte/version-3-1/Catalogos_Carta_Porte.xls,c457a7d67be11c2557fbe1dfa3d30a8450c5312d4b9ef06b094a3d7ca26415ad,Catálogo de tipo servicio.,c_TipoDeServicio,6,clave|descripcion|contenedor|fecha_de_inicio_de_vigencia|fecha_de_fin_de_vigencia|row_hash,f6faed4721a04df576a12f07dfc2d863dbe74684166ad4a2bbe34205f4010253,catalogo,1,0,2024-06-17,,
complementos/carta-porte,3-1,c_TipoDeTrafico,hf/raw/catalogos/complementos/carta-porte/version-3-1/Catalogos_Carta_Porte.xls,c457a7d67be11c2557fbe1dfa3d30a8450c5312d4b9ef06b094a3d7ca26415ad,Catálogo de tipo de tráfico ferroviario.,c_TipoDeTrafico,5,clave|descripcion|fecha_de_inicio_de_vigencia|fecha_de_fin_de_vigencia|row_hash,ae788413cf3adfaeb8703eaaf46815f7ac3c891ed141397a30b5da44fb134822,catalogo,1,0,2024-06-17,,
complementos/carta-porte,3-1,c_TipoEmbalaje,hf/raw/catalogos/complementos/carta-porte/version-3-1/Catalogos_Carta_Porte.xls,c457a7d67be11c2557fbe1dfa3d30a8450c5312d4b9ef06b094a3d7ca26415ad,Catálogo de tipo de embalaje.,c_TipoEmbalaje,5,clave_de_designacion|descripcion|fecha_de_inicio_de_vigencia|fecha_de_fin_de_vigencia|row_hash,e21ccd480df8391a8f8eca6501f8f9d519a3987569e86d091020a34dcf10cc7e,catalogo,1.0,0,2024-06-17,,
complementos/carta-porte,3-1,c_TipoEstacion,hf/raw/catalogos/complementos/carta-porte/version-3-1/Catalogos_Carta_Porte.xls,c457a7d67be11c2557fbe1dfa3d30a8450c5312d4b9ef06b094a3d7ca26415ad,Catálogo de tipo de estación.,c_TipoEstacion,6,clave_de_estacion|descripcion_del_tipo_de_estacion|clave_transporte|fecha_inicio_de_vigencia|fecha_fin_de_vigencia|row_hash,71c051214d8005c94200267970b6c2db54d259b55de61dcc1061f917fc5173ea,catalogo,1,0,2024-06-17,,
complementos/carta-porte,3-1,c_TipoMateria,hf/raw/catalogos/complementos/carta-porte/version-3-1/Catalogos_Carta_Porte.xls,c457a7d67be11c2557fbe1dfa3d30a8450c5312d4b9ef06b094a3d7ca26415ad,Catálogo de Tipo Materia,c_TipoMateria,5,clave|descripcion|fecha_inicio_de_vigencia|fecha_fin_de_vigencia|row_hash,8674a74e5b2456cef23a56c4bdbc1dc7c4ba964abf14755b5d4f810e82a8addc,catalogo,1,0,2024-06-17,,
complementos/carta-porte,3-1,c_TipoPermiso,hf/raw/catalogos/complementos/carta-porte/version-3-1/Catalogos_Carta_Porte.xls,c457a7d67be11c2557fbe1dfa3d30a8450c5312d4b9ef06b094a3d7ca26415ad,Catálogo tipo permiso.,c_TipoPermiso,6,clave|descripcion|clave_transporte|fecha_de_inicio_de_vigencia|fecha_de_fin_de_vigencia|row_hash,c4720a15144768d5dbfb5fa983765fcb6cb2a840f8cb39564c1f752c155c70a5,catalogo,1,0,2024-06-17,,
complementos/comercio-exterior,1-1,C_Estado20,hf/raw/catalogos/complementos/comercio-exterior/version-1-1/C_Estado20.xls,f1f9c2b6b6fccb9b695ef790587785d53d1dbce914f09981260440a4f30df3d8,Catálogo de estados.,c_Estado,6,estado|pais|nombre_del_estado|fecha_de_inicio_de_vigencia|fecha_de_fin_de_vigencia|row_hash,c19030b43d7f81200e11f9236932096e07156008ea52870bf035ff8d5a38c0dc,catalogo,1,0,2023-12-19,2024-01-18,
complementos/comercio-exterior,1-1,c_ClavePedimento20,hf/raw/catalogos/complementos/comercio-exterior/version-1-1/c_ClavePedimento20.xls,b1db80a510c05538016315c4ab3e3e4c196d340ae5824a48a5cbd3bed21a759b,Catálogo de claves de pedimento.,c_ClavePedimento,3,clave_pedimento|descripcion|row_hash,74f648e83eac392c56bfdb2d0e253adc5a44dc94037c5afe0ff72f9f7e649563,catalogo,1,0,,2024-01-18,
complementos/comercio-exterior,1-1,c_CodigoPostal_V_4_20231219,hf/raw/catalogos/complementos/comercio-exterior/version-1-1/c_CodigoPostal_V_4_20231219.xls,49b7ca23c1ec92d3bbfa6d8f5dedf4217b662c043d618afe45ce5c0c4ad591fe,Catálogo de códigos postales.,"c_CodigoPostal_Parte_1,c_CodigoPostal_Parte_2",17,codigo_postal|estado|municipio|localidad|estimulo_franja_fronteriza|fecha_inicio_de_vigencia|fecha_fin_de_vigencia|referencias_del_huso_horario_descripcion_del_huso_horario|mes_inicio_horario_verano|dia_inicio_horario_verano|dia_inicio_horario_verano|diferencia_horaria_verano|mes_inicio_horario_invierno|dia_inicio_horario_invierno|dia_inicio_horario_invierno|diferencia_horaria_invierno|row_hash,70c342200598f61fdcffb262a0965fb687cf1c2e0217e21f44af31eea1c59d2c,catalogo,1,0,2023-12-19,2024-01-18,
complementos/comercio-exterior,1-1,c_Colonia20,hf/raw/catalogos/complementos/comercio-exterior/version-1-1/c_Colonia20.xls,e187eff43ae8219125e548940a105dfac9e9c12b79c7fcbb7009f24dcbc80513,Catálogo de colonias.,"c_Colonia_1,c_Colonia_2,c_Colonia_3",4,colonia|codigo_postal|nombre_del_asentamiento|row_hash,a777f70c0528a2484518321e48a61075be93a4fdbec5bd67e49190e1f77d1314,catalogo,1,0,,2024-01-18,
complementos/comercio-exterior,1-1,c_FraccionArancelaria_20240513,hf/raw/catalogos/complementos/comercio-exterior/version-1-1/c_FraccionArancelaria_20240513.xls,d05ed4431731f5e5620da61c5d770b4ec2caae3a4723cbb3a49ff1b68eba6a4b,Catálogo de fracción arancelaria.,c_FraccionArancelaria,6,fraccion_arancelaria|descripcion|fecha_de_inicio_de_vigencia|fecha_de_fin_de_vigencia|umt|row_hash,0d018526223eb0278716146195a634630c8c220e38a83d268c9d1f3139cbfad9,catalogo,2,,2024-05-14,2024-01-18,
complementos/comercio-exterior,1-1,c_INCOTERM20,hf/raw/catalogos/complementos/comercio-exterior/version-1-1/c_INCOTERM20.xls,87bafb29fafdc03d555df80868f62985a2ef661fc1564bf238c4d90ac9855644,Catálogo de Términos Internacionales de Comercio (INCOTERM).,c_INCOTERM,5,incoterm|descripcion|fecha_inicio_de_vigencia|fecha_fin_de_vigencia|row_hash,b04a97ffaa8195d8fa578b9e74f455e24b151a9488f6e7bc1fd949dddf5dc737,catalogo,1,0,2023-12-19,2024-01-18,
complementos/comercio-exterior,1-1,c_Localidad20,hf/raw/catalogos/complementos/comercio-exterior/version-1-1/c_Localidad20.xls,5c0853d504f56d103c55555c9231d3f831858104937c30cf84297a9c9e34f11e,Catálogo de localidades.,c_Localidad,6,localidad|estado|descripcion|fecha_de_inicio_de_vigencia|fecha_de_fin_de_vigencia|row_hash,d35fd97bcfd866cbefbd972e068b183700f7b63c23e73d723166f44f8098a39a,catalogo,1,0,2023-12-19,2024-01-18,
complementos/comercio-exterior,1-1,c_Moneda20,hf/raw/catalogos/complementos/comercio-exterior/version-1-1/c_Moneda20.xls,ef1d265c60d7552b21aca397e005d086b382a264ba6fa53e43ca33275fc11e53,Catálogo de moneda.,c_Moneda,7,moneda|descripcion|decimales|porcentaje_variacion|fecha_inicio_de_vigencia|fecha_fin_de_vigencia|row_hash,d066605f9d9623ff99367c4645f4d7b62498075d281cf254abcabb6c9b52abc0,catalogo,2,0,,,
complementos/comercio-exterior,1-1,c_MotivoTraslado20,hf/raw/catalogos/complementos/comercio-exterior/version-1-1/c_MotivoTraslado20.xls,57b5f35f0e3c64bdfec84b871069c4c7ea73f93143668873b82c19a57c1b24fd,Catálogo de motivos por el cual se desplaza mercancia.,c_MotivoTraslado,3,motivo_traslado|descripcion|row_hash,95c9d8d5d3d8e678bdcc1ccf1b43534adfe76faa84c79587950f66130ab94ef2,catalogo,1,0,,2024-01-18,
complementos/comercio-exterior,1-1,c_Municipio20,hf/raw/catalogos/complementos/comercio-exterior/version-1-1/c_Municipio20.xls,3805d274faf53c22fc2219aa189f163152273ea5ea4a862906c58c6e22fdb5e9,Catálogo de municipios.,c_Municipio,6,municipio|estado|descripcion|fecha_de_inicio_de_vigencia|fecha_de_fin_de_vigencia|row_hash,44d4a529d733a5ca82bd21a2650844f85632fa01d058c842fba8fe3eb068e2b7,catalogo,1,0,2023-12-19,2024-01-18,
complementos/comercio-exterior,1-1,c_Pais20,hf/raw/catalogos/complementos/comercio-exterior/version-1-1/c_Pais20.xls,2da5ce8802fea0d4694a06cc3c104be5e9a14f0a86255444e7cd1096c78e3047,Catálogo de países.,c_Pais,7,pais|descripcion|formato_de_codigo_postal|formato_de_registro_de_identidad_tributaria|validacion_del_registro_de_identidad_tributaria|agrupaciones|row_hash,63c12e4415540d29f2db45da7324b049ff8d24f4b3aa99d82c7e0558169d51b2,catalogo,1,0,,2024-01-18,
complementos/comercio-exterior,1-1,c_RegimenFiscal20,hf/raw/catalogos/complementos/comercio-exterior/version-1-1/c_RegimenFiscal20.xls,bdd5cf9b5ce651cc9e801a92516ce6ce8ea8b01d902bf3ea0bc480903a9fe15d,Catálogo de Régimen Fiscal.,c_RegimenFiscal,7,regimen_fiscal|descripcion|fisica|moral|fecha_de_inicio_de_vigencia|fecha_de_fin_de_vigencia|row_hash,e18657541c95a8928f245a8028be1d5524c78f3c2a1c0fe77961b645f944c957,catalogo,2,0,2024-01-18,,
complementos/comercio-exterior,1-1,c_TipoOperacion20,hf/raw/catalogos/complementos/comercio-exterior/version-1-1/c_TipoOperacion20.xls,5161ea4b97dd98614b3ca78e477bee3fd8bcd8715e629a94338362592a2a6db6,Catálogo de Tipo de Operación.,c_TipoOperacion,3,tipo_operacion|descripcion|row_hash,06280ad9b8df95d356f1c6bcb4593194d58c2b4cd9ab4f62dd212fbd78e15195,catalogo,1,0,,2017-01-01,2024-01-17
complementos/comercio-exterior,1-1,c_UnidadAduana20,hf/raw/catalogos/complementos/comercio-exterior/version-1-1/c_UnidadAduana20.xls,26a5687018bbfe88f2299e70edf63f87b4e38f268503549b11a9c49943ab77e8,Catálogo de unidades de medida para operaciones de comercio exterior.,c_UnidadAduana,5,unidad_medida|descripcion|fecha_inicio_de_vigencia|fecha_fin_de_vigencia|row_hash,84d29fcc1b530f84905834d9226398a3114235487280630f7e33993737218c28,catalogo,1,0,2023-12-19,,
complementos/comercio-exterior,2-0,C_Estado20,hf/raw/catalogos/complementos/comercio-exterior/version-2-0/C_Estado20.xls,f1f9c2b6b6fccb9b695ef790587785d53d1dbce914f09981260440a4f30df3d8,Catálogo de estados.,c_Estado,6,estado|pais|nombre_del_estado|fecha_de_inicio_de_vigencia|fecha_de_fin_de_vigencia|row_hash,c19030b43d7f81200e11f9236932096e07156008ea52870bf035ff8d5a38c0dc,catalogo,1,0,2023-12-19,2024-01-18,
complementos/comercio-exterior,2-0,Matriz_de_Errores_CCE_v2,hf/raw/catalogos/complementos/comercio-exterior/version-2-0/Matriz_de_Errores_CCE_v2.xls,48d67a485fb4833e01055a17cb6cf16e76b96983bf166c0e9a2b1bd9596a139a,matriz de errores para complemento comercio exterior 2.0,Validaciones Com Ext V2.0,8,num|elemento|atributo|caso_de_validacion|codigo_error|error|aclaraciones|row_hash,20d5b4fc951ef3df32fbabd4e00d45ebab9731f4e842e76630ff51ec1699b914,matriz,2.0,,,,
complementos/comercio-exterior,2-0,c_ClavePedimento20,hf/raw/catalogos/complementos/comercio-exterior/version-2-0/c_ClavePedimento20.xls,b1db80a510c05538016315c4ab3e3e4c196d340ae5824a48a5cbd3bed21a759b,Catálogo de claves de pedimento.,c_ClavePedimento,3,clave_pedimento|descripcion|row_hash,74f648e83eac392c56bfdb2d0e253adc5a44dc94037c5afe0ff72f9f7e649563,catalogo,1,0,,2024-01-18,
complementos/comercio-exterior,2-0,c_CodigoPostal_V_4_20231219,hf/raw/catalogos/complementos/comercio-exterior/version-2-0/c_CodigoPostal_V_4_20231219.xls,49b7ca23c1ec92d3bbfa6d8f5dedf4217b662c043d618afe45ce5c0c4ad591fe,Catálogo de códigos postales.,"c_CodigoPostal_Parte_1,c_CodigoPostal_Parte_2",17,codigo_postal|estado|municipio|localidad|estimulo_franja_fronteriza|fecha_inicio_de_vigencia|fecha_fin_de_vigencia|referencias_del_huso_horario_descripcion_del_huso_horario|mes_inicio_horario_verano|dia_inicio_horario_verano|dia_inicio_horario_verano|diferencia_horaria_verano|mes_inicio_horario_invierno|dia_inicio_horario_invierno|dia_inicio_horario_invierno|diferencia_horaria_invierno|row_hash,70c342200598f61fdcffb262a0965fb687cf1c2e0217e21f44af31eea1c59d2c,catalogo,1,0,2023-12-19,2024-01-18,
complementos/comercio-exterior,2-0,c_Colonia20,hf/raw/catalogos/complementos/comercio-exterior/version-2-0/c_Colonia20.xls,e187eff43ae8219125e548940a105dfac9e9c12b79c7fcbb7009f24dcbc80513,Catálogo de colonias.,"c_Colonia_1,c_Colonia_2,c_Colonia_3",4,colonia|codigo_postal|nombre_del_asentamiento|row_hash,a777f70c0528a2484518321e48a61075be93a4fdbec5bd67e49190e1f77d1314,catalogo,1,0,,2024-01-18,
complementos/comercio-exterior,2-0,c_FraccionArancelaria_20240513,hf/raw/catalogos/complementos/comercio-exterior/version-2-0/c_FraccionArancelaria_20240513.xls,d05ed4431731f5e5620da61c5d770b4ec2caae3a4723cbb3a49ff1b68eba6a4b,Catálogo de fracción arancelaria.,c_FraccionArancelaria,6,fraccion_arancelaria|descripcion|fecha_de_inicio_de_vigencia|fecha_de_fin_de_vigencia|umt|row_hash,0d018526223eb0278716146195a634630c8c220e38a83d268c9d1f3139cbfad9,catalogo,2,,2024-05-14,2024-01-18,
complementos/comercio-exterior,2-0,c_INCOTERM20,hf/raw/catalogos/complementos/comercio-exterior/version-2-0/c_INCOTERM20.xls,87bafb29fafdc03d555df80868f62985a2ef661fc1564bf238c4d90ac9855644,Catálogo de Términos Internacionales de Comercio (INCOTERM).,c_INCOTERM,5,incoterm|descripcion|fecha_inicio_de_vigencia|fecha_fin_de_vigencia|row_hash,b04a97ffaa8195d8fa578b9e74f455e24b151a9488f6e7bc1fd949dddf5dc737,catalogo,1,0,2023-12-19,2024-01-18,
complementos/comercio-exterior,2-0,c_Localidad20,hf/raw/catalogos/complementos/comercio-exterior/version-2-0/c_Localidad20.xls,5c0853d504f56d103c55555c9231d3f831858104937c30cf84297a9c9e34f11e,Catálogo de localidades.,c_Localidad,6,localidad|estado|descripcion|fecha_de_inicio_de_vigencia|fecha_de_fin_de_vigencia|row_hash,d35fd97bcfd866cbefbd972e068b183700f7b63c23e73d723166f44f8098a39a,catalogo,1,0,2023-12-19,2024-01-18,
complementos/comercio-exterior,2-0,c_Moneda20,hf/raw/catalogos/complementos/comercio-exterior/version-2-0/c_Moneda20.xls,ef1d265c60d7552b21aca397e005d086b382a264ba6fa53e43ca33275fc11e53,Catálogo de moneda.,c_Moneda,7,moneda|descripcion|decimales|porcentaje_variacion|fecha_inicio_de_vigencia|fecha_fin_de_vigencia|row_hash,d066605f9d9623ff99367c4645f4d7b62498075d281cf254abcabb6c9b52abc0,catalogo,2,0,,,
complementos/comercio-exterior,2-0,c_MotivoTraslado20,hf/raw/catalogos/complementos/comercio-exterior/version-2-0/c_MotivoTraslado20.xls,57b5f35f0e3c64bdfec84b871069c4c7ea73f93143668873b82c19a57c1b24fd,Catálogo de motivos por el cual se desplaza mercancia.,c_MotivoTraslado,3,motivo_traslado|descripcion|row_hash,95c9d8d5d3d8e678bdcc1ccf1b43534adfe76faa84c79587950f66130ab94ef2,catalogo,1,0,,2024-01-18,
complementos/comercio-exterior,2-0,c_Municipio20,hf/raw/catalogos/complementos/comercio-exterior/version-2-0/c_Municipio20.xls,3805d274faf53c22fc2219aa189f163152273ea5ea4a862906c58c6e22fdb5e9,Catálogo de municipios.,c_Municipio,6,municipio|estado|descripcion|fecha_de_inicio_de_vigencia|fecha_de_fin_de_vigencia|row_hash,44d4a529d733a5ca82bd21a2650844f85632fa01d058c842fba8fe3eb068e2b7,catalogo,1,0,2023-12-19,2024-01-18,
complementos/comercio-exterior,2-0,c_Pais20,hf/raw/catalogos/complementos/comercio-exterior/version-2-0/c_Pais20.xls,2da5ce8802fea0d4694a06cc3c104be5e9a14f0a86255444e7cd1096c78e3047,Catálogo de países.,c_Pais,7,pais|descripcion|formato_de_codigo_postal|formato_de_registro_de_identidad_tributaria|validacion_del_registro_de_identidad_tributaria|agrupaciones|row_hash,63c12e4415540d29f2db45da7324b049ff8d24f4b3aa99d82c7e0558169d51b2,catalogo,1,0,,2024-01-18,
complementos/comercio-exterior,2-0,c_RegimenFiscal20,hf/raw/catalogos/complementos/comercio-exterior/version-2-0/c_RegimenFiscal20.xls,bdd5cf9b5ce651cc9e801a92516ce6ce8ea8b01d902bf3ea0bc480903a9fe15d,Catálogo de Régimen Fiscal.,c_RegimenFiscal,7,regimen_fiscal|descripcion|fisica|moral|fecha_de_inicio_de_vigencia|fecha_de_fin_de_vigencia|row_hash,e18657541c95a8928f245a8028be1d5524c78f3c2a1c0fe77961b645f944c957,catalogo,2,0,2024-01-18,,
complementos/comercio-exterior,2-0,c_TipoOperacion20,hf/raw/catalogos/complementos/comercio-exterior/version-2-0/c_TipoOperacion20.xls,5161ea4b97dd98614b3ca78e477bee3fd8bcd8715e629a94338362592a2a6db6,Catálogo de Tipo de Operación.,c_TipoOperacion,3,tipo_operacion|descripcion|row_hash,06280ad9b8df95d356f1c6bcb4593194d58c2b4cd9ab4f62dd212fbd78e15195,catalogo,1,0,,2017-01-01,2024-01-17
complementos/comercio-exterior,2-0,c_UnidadAduana20,hf/raw/catalogos/complementos/comercio-exterior/version-2-0/c_UnidadAduana20.xls,26a5687018bbfe88f2299e70edf63f87b4e38f268503549b11a9c49943ab77e8,Catálogo de unidades de medida para operaciones de comercio exterior.,c_UnidadAduana,5,unidad_medida|descripcion|fecha_inicio_de_vigencia|fecha_fin_de_vigencia|row_hash,84d29fcc1b530f84905834d9226398a3114235487280630f7e33993737218c28,catalogo,1,0,2023-12-19,,
complementos/estado-de-cuenta-de-combustibles-para-monederos-electronicos,1-2-b,Matriz_errores_ECC12+%28B%2940,hf/raw/catalogos/complementos/estado-de-cuenta-de-combustibles-para-monederos-electronicos/version-1-2-revision-b/Matriz_errores_ECC12+%28B%2940.xls,04746f1419cfa178324ad58a3e21ddcdab5f646eab1003a5e83f14e131e4e571,"matriz de codigos de error para la revision ""b"" para complemento de estado de cuenta de combustibles de monederos electronicos 1.2",_Validaciones complemento ecc11,7,num|elemento|atributo|caso_de_validacion|codigo_error|descripcion_de_codigo_de_error|row_hash,0716a3090fd803bb831c958b2d3ac08e3e763e6013f0f2eca6d4103f6c2a8a17,matriz,1.2,B,,,
complementos/hidrocarburos,1-0-a-gastos,Matriz_Apoyo_A20_40_GCEH,hf/raw/catalogos/complementos/hidrocarburos/version-1-0-revision-a-gastos/Matriz_Apoyo_A20_40_GCEH.XLS,b4f113fef7f94ed3e606ff437c7fb08b929ba8ac2f27739c5f7f13761a6a5737,"matriz de codigos de error para la revision ""a"" del complemento de gastos del consorcio derivados de la ejecucion de un contrato de exploracion o extraccion de hidrocarburos 1.0",Validaciones complemento GCEH,7,num|elemento|atributo|caso_de_validacion|codigo_error|descripcion_de_codigo_de_error|row_hash,7edffcf5ac76f76987120a7e0105656efa363dcf695b222bfa3c073fa670be1b,matriz,1.0,A,,,
complementos/hidrocarburos,1-0-a-gastos,c_Actividad,hf/raw/catalogos/complementos/hidrocarburos/version-1-0-revision-a-gastos/CatGastosHidrocarburos.xls,1a6d73edddb66d9e7006a465187c6fe0f5b542dd712dbe985199f840355b269e,Catálogo de Actividades,c_Actividad,3,clave|actividad_petrolera|row_hash,4b18f485625ba17329b1f87d5e367a2515e9e0d10036976132cb3b29d0a8134a,catalogo,1.0,,,,
complementos/hidrocarburos,1-0-a-gastos,c_ClavePagoPedimento,hf/raw/catalogos/complementos/hidrocarburos/version-1-0-revision-a-gastos/CatGastosHidrocarburos.xls,1a6d73edddb66d9e7006a465187c6fe0f5b542dd712dbe985199f840355b269e,Catálogo de Clave Pago Pedimento,c_ClavePagoPedimento,3,clave|descripcion|row_hash,bdff3234e46cfc25afb02d7e5dc2c2bd263c92c9929da9822b38021b7615f9a1,catalogo,1.0,,,,
complementos/hidrocarburos,1-0-a-gastos,c_ClavePedimento,hf/raw/catalogos/complementos/hidrocarburos/version-1-0-revision-a-gastos/CatGastosHidrocarburos.xls,1a6d73edddb66d9e7006a465187c6fe0f5b542dd712dbe985199f840355b269e,Catálogo de Clave Pedimento,c_ClavePedimento,3,clave|descripcion|row_hash,90ea16f9fed3f2cea53be47c0fcf7a2a14822f64ac8083001499fade6aedd3d5,catalogo,1.0,,,,
complementos/hidrocarburos,1-0-a-gastos,c_Mes,hf/raw/catalogos/complementos/hidrocarburos/version-1-0-revision-a-gastos/CatGastosHidrocarburos.xls,1a6d73edddb66d9e7006a465187c6fe0f5b542dd712dbe985199f840355b269e,Catálogo de Meses,c_Mes,3,clave|descripcion|row_hash,1f03f08c976eeada77fa3014bfaf124b2991a457d4ad11daaf4864cdfd26efdf,catalogo,1.0,,,,
complementos/hidrocarburos,1-0-a-gastos,c_SubActividad,hf/raw/catalogos/complementos/hidrocarburos/version-1-0-revision-a-gastos/CatGastosHidrocarburos.xls,1a6d73edddb66d9e7006a465187c6fe0f5b542dd712dbe985199f840355b269e,Catálogo de Sub-Actividades,c_SubActividad,4,actividad|clave|descripcion_sub_actividad_petrolera|row_hash,85a3c45e5ce92c5a70c88b8db548235ae22ccfb57ee2e8a44e8a99667bbd5c2e,catalogo,1.0,,,,
complementos/hidrocarburos,1-0-a-gastos,c_Tarea,hf/raw/catalogos/complementos/hidrocarburos/version-1-0-revision-a-gastos/CatGastosHidrocarburos.xls,1a6d73edddb66d9e7006a465187c6fe0f5b542dd712dbe985199f840355b269e,Catálogo de Tareas,c_Tarea,5,actividad|sub_actividad|clave|descripcion_tarea|row_hash,0529d8bfa84268b869c3442f8d9f5547c1e35b976c87529d34496f90c0539798,catalogo,1.0,,,,
complementos/hidrocarburos,1-0-a-ingresos,Matriz_Apoyo_A20_40_IEEH,hf/raw/catalogos/complementos/hidrocarburos/version-1-0-revision-a-ingresos/Matriz_Apoyo_A20_40_IEEH.XLS,894ade131feceb03971c5ae7a328da61becdb196a7ca20d2aad0760e6596bf4f,"matriz de codigos de error para la revision ""a"" del complemento de ingresos atribuibles a los integrantes de un consorcio derivados de la contraprestacion de un contrato de exploracion o extraccion de hidrocarburos 1.0",Validaciones complemento IEEH,7,num|elemento|atributo|caso_de_validacion|codigo_error|descripcion_de_codigo_de_error|row_hash,988b9674bf4f2c4018891a762f000de42b1725d2a506c006843075b4926e76c2,matriz,1.0,A,,,
complementos/hidrocarburos,1-0-a-ingresos,c_Mes,hf/raw/catalogos/complementos/hidrocarburos/version-1-0-revision-a-ingresos/CatIngresosHidrocarburos.xls,cf859ce8906eb7bcfaacf305618688b915f6b2fdd699102b618ca0d6ffe85bcf,Catálogo de Meses,c_Mes,3,clave|descripcion|row_hash,1f03f08c976eeada77fa3014bfaf124b2991a457d4ad11daaf4864cdfd26efdf,catalogo,1.0,,,,
complementos/ine,1-1-b,MatrizdeerroresINE11,hf/raw/catalogos/complementos/ine/version-1-1-revision-b/MatrizdeerroresINE11.xls,e89e6c7651ce378d70b4030ae961999299c4d851c77125fe85847fbeed451901,matriz de validaciones para el cfdi version 4.0 con complemento ine 1.1,Hoja1,7,num|elemento|atributo|caso_de_validacion|codigo_error|descripcion_de_codigo_de_error|row_hash,bb4ebc4d89fed40f0b68fca8f3dddb8251a0c15631461f83bb1ab007c93521a4,matriz,1.1,B,,,
complementos/recepcion-de-pagos,2-0,Matriz_De_Errores_CRP_V20_Rev_B,hf/raw/catalogos/complementos/recepcion-de-pagos/files/Matriz_De_Errores_CRP_V20_Rev_B.xls,84fef6323770dadd89f4f6fa74fbafaa06a4692d577604363938b31e0d6e4268,matriz de codigos de error del complemento para recepcion de pagos 2.0 revision b,Códigos_Errores_CPR20_RevB,7,num|elemento|atributo|validacion|codigo_error|descripcion_de_codigo_de_error|row_hash,a1db1597414fcce3467986e019ce2d32d9064fb8636313fd1541b8a3aef4a31e,matriz,2,0,2024-01-16,,
complementos/recepcion-de-pagos,2-0,c_TIpoCadenaPago,hf/raw/catalogos/complementos/recepcion-de-pagos/1/cat_Pagos.xls,5492da027a2edec9a7680e6a43c426ca3c7e3554a596f89ee0248cce576cb200,Catálogo del tipo de la cadena de pago.,c_TIpoCadenaPago,3,tipo_cadena|descripcion|row_hash,6a728d1364c760bac57936bc493892d6e5e5e826da8601d992b9abe0e17038e0,catalogo,2,0,,2022-01-01,
complementos/recibo-de-pago-de-nomina,1-2-e,Matriz_Errores_Nomina_v12_Rev_E,hf/raw/catalogos/complementos/recibo-de-pago-de-nomina/version-1-2-revision-e/Matriz_Errores_Nomina_v12_Rev_E.xls,285a18b3c0c4cc1c895252ecc1d3fcf6aa18f6e83b6f4af0c6e0968d84a6a53e,"matriz de codigos de error para la revision ""e"" del complemento nomina version 1.2 que se incluye en el cfdi version 4.0",Validaciones RevE Nómina 1.2,6,num|regla_de_validacion|codigo_de_error|descripcion_del_error|aclaraciones|row_hash,458a7288262b7b924daf6eb313d1530af7f15837b3702d1a09212f92e6bc6cb1,matriz,1.2,E,2025-12-02,,
complementos/recibo-de-pago-de-nomina,1-2-e,c_Banco,hf/raw/catalogos/complementos/recibo-de-pago-de-nomina/version-1-2-revision-e/cat_Nomina.xls,5da96c252fe107f94e6ad45c42a186e904a8feb386ee960209df686e798487ca,Catálogo de Bancos.,c_Banco,6,clave|descripcion|nombre_o_razon_social|fecha_inicio_de_vigencia|fecha_fin_de_vigencia|row_hash,b2896cb055de4ae93961d69a2928b76542ae79097893157c71deddb883403a43,catalogo,2,0,,2017-01-01,
complementos/recibo-de-pago-de-nomina,1-2-e,c_OrigenRecurso,hf/raw/catalogos/complementos/recibo-de-pago-de-nomina/version-1-2-revision-e/cat_Nomina.xls,5da96c252fe107f94e6ad45c42a186e904a8feb386ee960209df686e798487ca,Catálogo del tipo de origen recurso.,c_OrigenRecurso,3,clave|descripcion|row_hash,70f7e641033c9124b42865eb1656602173a682ceb6da9d820b17d642a11253b0,catalogo,1,0,,2017-01-01,
complementos/recibo-de-pago-de-nomina,1-2-e,c_PeriodicidadPago,hf/raw/catalogos/complementos/recibo-de-pago-de-nomina/version-1-2-revision-e/cat_Nomina.xls,5da96c252fe107f94e6ad45c42a186e904a8feb386ee960209df686e798487ca,Catálogo de tipos de periodicidad del pago.,c_PeriodicidadPago,5,clave|descripcion|fecha_inicio_de_vigencia|fecha_fin_de_vigencia|row_hash,388c997a8241d6fcdfd13a38ba991c9b8d2bc4dfb4eb656be7613a490084f624,catalogo,1.1,0,,2017-01-01,
complementos/recibo-de-pago-de-nomina,1-2-e,c_RiesgoPuesto,hf/raw/catalogos/complementos/recibo-de-pago-de-nomina/version-1-2-revision-e/cat_Nomina.xls,5da96c252fe107f94e6ad45c42a186e904a8feb386ee960209df686e798487ca,Catálogo de clases en que deben inscribirse los patrones.,c_RiesgoPuesto,5,clave|descripcion|fecha_inicio_de_vigencia|fecha_fin_de_vigencia|row_hash,8450ca6448642128f799f1d0be5971c9bf7651887484eece941b228cd5aa27ab,catalogo,2,0,,,
complementos/recibo-de-pago-de-nomina,1-2-e,c_TipoContrato,hf/raw/catalogos/complementos/recibo-de-pago-de-nomina/version-1-2-revision-e/cat_Nomina.xls,5da96c252fe107f94e6ad45c42a186e904a8feb386ee960209df686e798487ca,Catálogo de tipos de contrato.,c_TipoContrato,3,clave|descripcion|row_hash,ead12feff7f908e4a228b92c6cc49b338a3f9698f1c481adf60d0649a219027e,catalogo,1,0,,2017-01-01,
complementos/recibo-de-pago-de-nomina,1-2-e,c_TipoDeduccion,hf/raw/catalogos/complementos/recibo-de-pago-de-nomina/version-1-2-revision-e/cat_Nomina.xls,5da96c252fe107f94e6ad45c42a186e904a8feb386ee960209df686e798487ca,Catálogo de tipos de deducciones.,c_TipoDeduccion,5,clave|descripcion|fecha_inicio_de_vigencia|fecha_fin_de_vigencia|row_hash,ad6e5dad35f058c359929cc913c1a9f103e3e2b5669a7f464088bd9c965d2555,catalogo,4,3,2026-02-12,,
complementos/recibo-de-pago-de-nomina,1-2-e,c_TipoHoras,hf/raw/catalogos/complementos/recibo-de-pago-de-nomina/version-1-2-revision-e/cat_Nomina.xls,5da96c252fe107f94e6ad45c42a186e904a8feb386ee960209df686e798487ca,Catálogo de tipos de Hora Extra.,c_TipoHoras,3,clave|descripcion|row_hash,4f2cec113979a9697d0fc0683d6f02a74079d999c55911d953b6d18259d72101,catalogo,1,0,,2017-01-01,
complementos/recibo-de-pago-de-nomina,1-2-e,c_TipoIncapacidad,hf/raw/catalogos/complementos/recibo-de-pago-de-nomina/version-1-2-revision-e/cat_Nomina.xls,5da96c252fe107f94e6ad45c42a186e904a8feb386ee960209df686e798487ca,Catálogo del tipo de incapacidad.,c_TipoIncapacidad,3,clave|descripcion|row_hash,89174043c13b0698c401a525d03a747caa05f44af0bac7299eee0788b6c25a17,catalogo,2,0,,2020-01-01,
complementos/recibo-de-pago-de-nomina,1-2-e,c_TipoJornada,hf/raw/catalogos/complementos/recibo-de-pago-de-nomina/version-1-2-revision-e/cat_Nomina.xls,5da96c252fe107f94e6ad45c42a186e904a8feb386ee960209df686e798487ca,Catálogo de tipos de jornada laboral.,c_TipoJornada,3,clave|descripcion|row_hash,d03196991f33bb865b1c27c3800607506ab0bd9713d1336c98f2f258f293bd43,catalogo,1,A,,2017-01-01,
complementos/recibo-de-pago-de-nomina,1-2-e,c_TipoNomina,hf/raw/catalogos/complementos/recibo-de-pago-de-nomina/version-1-2-revision-e/cat_Nomina.xls,5da96c252fe107f94e6ad45c42a186e904a8feb386ee960209df686e798487ca,Catálogo de tipos de nómina.,c_TipoNomina,3,clave|descripcion|row_hash,fc247087166d5e162ce2992ae60c6d7bd1b4cf6c162e60d130e363b1833bf899,catalogo,1,0,,2017-01-01,
complementos/recibo-de-pago-de-nomina,1-2-e,c_TipoOtroPago,hf/raw/catalogos/complementos/recibo-de-pago-de-nomina/version-1-2-revision-e/cat_Nomina.xls,5da96c252fe107f94e6ad45c42a186e904a8feb386ee960209df686e798487ca,Catálogo de otro tipo de pago.,c_TipoOtroPago,5,clave|descripcion|fecha_inicio_de_vigencia|fecha_fin_de_vigencia|row_hash,26b39871c978897f9c1fa7be285b8760d69ebbc05adf93f43e3567ba516fe6c2,catalogo,4,2,2025-12-02,,
complementos/recibo-de-pago-de-nomina,1-2-e,c_TipoPercepcion,hf/raw/catalogos/complementos/recibo-de-pago-de-nomina/version-1-2-revision-e/cat_Nomina.xls,5da96c252fe107f94e6ad45c42a186e904a8feb386ee960209df686e798487ca,Catálogo de tipos de percepciones.,c_TipoPercepcion,5,clave|descripcion|fecha_inicio_de_vigencia|fecha_fin_de_vigencia|row_hash,51138632375c1b357fb454760f558646e927ce6c343ac9b2c9c81eb4eacf36a0,catalogo,2,3,2025-12-17,,
complementos/recibo-de-pago-de-nomina,1-2-e,c_TipoRegimen,hf/raw/catalogos/complementos/recibo-de-pago-de-nomina/version-1-2-revision-e/cat_Nomina.xls,5da96c252fe107f94e6ad45c42a186e904a8feb386ee960209df686e798487ca,Catálogo de tipos de régimen de contratación.,c_TipoRegimen,5,clave|descripcion|fecha_inicio_de_vigencia|fecha_fin_de_vigencia|row_hash,bcd257f4188b57e2bd3f86853e89982f10cd434191fa4f10c297a7fb62de3bb3,catalogo,2,1,2019-12-05,,
extra,unspsc,clases,,,Jerarquía SAT PyS: clases de productos y servicios (tipo/división/grupo/clase).,,8,tipo|codigo_division|nombre_division|codigo_grupo|nombre_grupo|codigo_clase|nombre_clase|row_hash,859725dfc55c7ef873bb700e4a157bfbf3e493da287c1b58f92994b4e5367d14,,,,,,
extra,unspsc,divisiones,,,Jerarquía SAT PyS: divisiones de productos y servicios.,,4,tipo|codigo_division|nombre_division|row_hash,474659b0e1fb693a4baeb4e95b079900baa35ba1575de8493a1f3b6f4e493565,,,,,,
extra,unspsc,grupos,,,Jerarquía SAT PyS: grupos de productos y servicios.,,6,tipo|codigo_division|nombre_division|codigo_grupo|nombre_grupo|row_hash,ee7096e5c796c77c1f9f915c761f6f43af46bcadecb6169f83d90497c1c4c299,,,,,,
extra,unspsc,tipos,,,Jerarquía SAT PyS: tipos (Producto / Servicio).,,2,tipo|row_hash,b3ab79c64616f5653d4e192f0d0e3657f8b4f7a686f0d409d75e006dc5be30d5,,,,,,
