scraped_at,category,name,slug,detail_url,version,revision,latest,file_type,url,local_file,size,hash,last_modified
2026-03-21T23:09:47.319380,anexo-20,Factura de retenciones e información de pagos (Anexo 20),factura-de-retenciones-e-informacion-de-pagos,http://omawww.sat.gob.mx/tramitesyservicios/Paginas/CFDI_retenciones.htm,1.0,,false,xsd,http://www.sat.gob.mx/esquemas/retencionpago/1/retencionpagov1.xsd,anexo-20/factura-de-retenciones-e-informacion-de-pagos/version-1-0/retencionpagov1.xsd,18898,1ca6dde549539bd499e445ade3e0bf67ef223d3ecf0770a84b291f4dee2474e2,2019-04-30
2026-03-21T23:09:47.319380,anexo-20,Factura de retenciones e información de pagos (Anexo 20),factura-de-retenciones-e-informacion-de-pagos,http://omawww.sat.gob.mx/tramitesyservicios/Paginas/CFDI_retenciones.htm,1.0,,false,estandar,http://omawww.sat.gob.mx/tramitesyservicios/Paginas/documentos/cfdv33.pdf,anexo-20/factura-de-retenciones-e-informacion-de-pagos/version-1-0/cfdv33.pdf,2498547,93e99135fa0f3217ba4a342c0f70a62b90b1d09e1ee703ec5ca1099d98d60818,2017-07-28
2026-03-21T23:09:47.319380,anexo-20,Factura de retenciones e información de pagos (Anexo 20),factura-de-retenciones-e-informacion-de-pagos,http://omawww.sat.gob.mx/tramitesyservicios/Paginas/CFDI_retenciones.htm,1.0,,false,xslt,http://www.sat.gob.mx/esquemas/retencionpago/1/retenciones.xslt,anexo-20/factura-de-retenciones-e-informacion-de-pagos/version-1-0/retenciones.xslt,9221,c1f0486eeb41c59f01b4b91422bfd3fd9303f243524136e0b63e0c48b7111ab4,2019-04-30
2026-03-21T23:09:47.319380,anexo-20,Factura de retenciones e información de pagos (Anexo 20),factura-de-retenciones-e-informacion-de-pagos,http://omawww.sat.gob.mx/tramitesyservicios/Paginas/CFDI_retenciones.htm,1.0,,false,catalogo.xsd,http://www.sat.gob.mx/esquemas/retencionpago/1/catalogos/catRetenciones.xsd,anexo-20/factura-de-retenciones-e-informacion-de-pagos/version-1-0/catRetenciones.xsd,14649,37d7411aeaeb0f09bd14182cecbc50da857e882741bc6ef052bc8054e15f9487,2019-04-30
2026-03-21T23:09:47.319380,anexo-20,Factura de retenciones e información de pagos (Anexo 20),factura-de-retenciones-e-informacion-de-pagos,http://omawww.sat.gob.mx/tramitesyservicios/Paginas/CFDI_retenciones.htm,1.0,,false,catalogo.xls,http://omawww.sat.gob.mx/tramitesyservicios/Paginas/documentos/catCFDI_Retenciones.xls,hf/xls/anexo20/retenciones/1-0/catCFDI_Retenciones.xls,143872,ce4890dac7951b7f85616cf4b603254ebc3d04f6df91239b26216a5aa0580089,2020-05-01
2026-03-21T23:09:47.319380,anexo-20,Factura de retenciones e información de pagos (Anexo 20),factura-de-retenciones-e-informacion-de-pagos,http://omawww.sat.gob.mx/tramitesyservicios/Paginas/CFDI_retenciones.htm,2.0,,true,xsd,http://www.sat.gob.mx/esquemas/retencionpago/2/retencionpagov2.xsd,anexo-20/factura-de-retenciones-e-informacion-de-pagos/version-2-0/retencionpagov2.xsd,20675,2e76e8d7731abac2abfeac0850adbba267e5e54ae31e49961c2177e3d7e03939,2021-12-28
2026-03-21T23:09:47.319380,anexo-20,Factura de retenciones e información de pagos (Anexo 20),factura-de-retenciones-e-informacion-de-pagos,http://omawww.sat.gob.mx/tramitesyservicios/Paginas/CFDI_retenciones.htm,2.0,,true,estandar,http://omawww.sat.gob.mx/tramitesyservicios/Paginas/documentos/Anexo20_2022.pdf,anexo-20/factura-de-retenciones-e-informacion-de-pagos/version-2-0/Anexo20_2022.pdf,6665523,b3b6d63a97c859a31d7aacf0fe17b2d58207280df6f06caff3ceaf79954cf4bd,2022-01-18
2026-03-21T23:09:47.319380,anexo-20,Factura de retenciones e información de pagos (Anexo 20),factura-de-retenciones-e-informacion-de-pagos,http://omawww.sat.gob.mx/tramitesyservicios/Paginas/CFDI_retenciones.htm,2.0,,true,xslt,http://www.sat.gob.mx/esquemas/retencionpago/2/retenciones.xslt,anexo-20/factura-de-retenciones-e-informacion-de-pagos/version-2-0/retenciones.xslt,10039,b8cccf25955b1a5c12f20a6c2233f2644816fbc7bea2e98f8d87e74a88263d10,2021-12-23
2026-03-21T23:09:47.319380,anexo-20,Factura de retenciones e información de pagos (Anexo 20),factura-de-retenciones-e-informacion-de-pagos,http://omawww.sat.gob.mx/tramitesyservicios/Paginas/CFDI_retenciones.htm,2.0,,true,matriz,http://omawww.sat.gob.mx/tramitesyservicios/Paginas/documentos/MatrizDeErrores_CFDI_Retenciones_v20.xls,anexo-20/factura-de-retenciones-e-informacion-de-pagos/version-2-0/MatrizDeErrores_CFDI_Retenciones_v20.xls,417280,c4320cfd1ea5e768cf89bdbcdfe59b61e2e71e47e69ce8a632f3ff35b1a513a9,2025-04-09
2026-03-21T23:09:47.319380,anexo-20,Factura de retenciones e información de pagos (Anexo 20),factura-de-retenciones-e-informacion-de-pagos,http://omawww.sat.gob.mx/tramitesyservicios/Paginas/CFDI_retenciones.htm,2.0,,true,catalogo.xsd,http://www.sat.gob.mx/esquemas/retencionpago/1/catalogos/catRetenciones.xsd,anexo-20/factura-de-retenciones-e-informacion-de-pagos/version-2-0/catRetenciones.xsd,14649,37d7411aeaeb0f09bd14182cecbc50da857e882741bc6ef052bc8054e15f9487,2024-06-04
2026-03-21T23:09:47.319380,anexo-20,Factura de retenciones e información de pagos (Anexo 20),factura-de-retenciones-e-informacion-de-pagos,http://omawww.sat.gob.mx/tramitesyservicios/Paginas/CFDI_retenciones.htm,2.0,,true,catalogo.xls,http://omawww.sat.gob.mx/tramitesyservicios/Paginas/documentos/catCFDI_Retenciones_1.xls,hf/xls/anexo20/retenciones/2-0/catCFDI_Retenciones.xls,178688,ebe8c59f2cb1677af96d48e7f892aef28294e3dd3ed5aa3e45da9924ddf76c35,2022-01-01
2026-03-21T00:18:55.849702,anexo-20,Formato de factura (Anexo 20),formato-de-factura,http://omawww.sat.gob.mx/tramitesyservicios/Paginas/anexo_20.htm,3.3,,false,xsd,http://www.sat.gob.mx/sitio_internet/cfd/3/cfdv33.xsd,anexo-20/formato-de-factura/version-3-3/cfdv33.xsd,53146,9fab804ebd9c532ddd59a74b23a3fa2b5d0d1f9046360b05efcef72206f01fd0,2017-07-28
2026-03-21T23:09:47.319380,anexo-20,Formato de factura (Anexo 20),formato-de-factura,http://omawww.sat.gob.mx/tramitesyservicios/Paginas/anexo_20.htm,3.3,,false,estandar,http://omawww.sat.gob.mx/tramitesyservicios/Paginas/documentos/cfdv33.pdf,anexo-20/formato-de-factura/version-3-3/cfdv33.pdf,2498547,93e99135fa0f3217ba4a342c0f70a62b90b1d09e1ee703ec5ca1099d98d60818,2017-07-28
2026-03-21T00:18:55.849702,anexo-20,Formato de factura (Anexo 20),formato-de-factura,http://omawww.sat.gob.mx/tramitesyservicios/Paginas/anexo_20.htm,3.3,,false,xslt,http://www.sat.gob.mx/sitio_internet/cfd/3/cadenaoriginal_3_3/cadenaoriginal_3_3.xslt,anexo-20/formato-de-factura/version-3-3/cadenaoriginal_3_3.xslt,18758,2cfd68ff167c88c9a0ce449c32b6fe1110e18c846d03812ca302d9defe672745,2021-12-01
2026-03-21T00:18:55.849702,anexo-20,Formato de factura (Anexo 20),formato-de-factura,http://omawww.sat.gob.mx/tramitesyservicios/Paginas/anexo_20.htm,3.3,,false,patron,http://www.sat.gob.mx/sitio_internet/cfd/tipoDatos/tdCFDI/tdCFDI.xsd,anexo-20/formato-de-factura/version-3-3/tdCFDI.xsd,7315,b3b81fe4017b95d5477f23a32f47e8b0571683cfddfff1330508c75e02b504cd,2017-12-14
2026-03-21T00:18:55.849702,anexo-20,Formato de factura (Anexo 20),formato-de-factura,http://omawww.sat.gob.mx/tramitesyservicios/Paginas/anexo_20.htm,3.3,,false,matriz,http://omawww.sat.gob.mx/tramitesyservicios/Paginas/documentos/MatrizDeErrores_CFDI_v33.xls,anexo-20/formato-de-factura/version-3-3/MatrizDeErrores_CFDI_v33.xls,631296,6d10cde320a02df06ec61678afdf08b236ec2e08f76f88f06754955d5c341998,2017-04-12
2026-03-21T00:18:55.849702,anexo-20,Formato de factura (Anexo 20),formato-de-factura,http://omawww.sat.gob.mx/tramitesyservicios/Paginas/anexo_20.htm,3.3,,false,catalogo.xsd,http://www.sat.gob.mx/sitio_internet/cfd/catalogos/catCFDI.xsd,anexo-20/formato-de-factura/version-3-3/catCFDI.xsd,5984046,6c58936cb77576f839a4d7915953ceaf252b9eb9319f9458fe5bb67ae2bb0bb1,2020-12-29
2026-03-21T00:18:55.849702,anexo-20,Formato de factura (Anexo 20),formato-de-factura,http://omawww.sat.gob.mx/tramitesyservicios/Paginas/anexo_20.htm,3.3,,false,catalogo.xls,http://omawww.sat.gob.mx/tramitesyservicios/Paginas/documentos/catCFDI_V_33_31032023.xls,hf/xls/anexo20/cfdi/3-3/catCFDI.xls,33281024,ef6cf4fbedcbc5a3db993b9495186762327a75cd4c826f39d7055ccf28f7a46b,2023-03-31
2026-03-21T00:18:55.849702,anexo-20,Formato de factura (Anexo 20),formato-de-factura,http://omawww.sat.gob.mx/tramitesyservicios/Paginas/anexo_20.htm,4.0,,true,xsd,http://www.sat.gob.mx/sitio_internet/cfd/4/cfdv40.xsd,anexo-20/formato-de-factura/version-4-0/cfdv40.xsd,50607,2489b5b535f5cbc6a6c2db6132620de1833f85372512d01deea62880e700e276,2024-06-04
2026-03-21T23:09:47.319380,anexo-20,Formato de factura (Anexo 20),formato-de-factura,http://omawww.sat.gob.mx/tramitesyservicios/Paginas/anexo_20.htm,4.0,,true,estandar,http://omawww.sat.gob.mx/tramitesyservicios/Paginas/documentos/Anexo20_2022.pdf,anexo-20/formato-de-factura/version-4-0/Anexo20_2022.pdf,6665523,b3b6d63a97c859a31d7aacf0fe17b2d58207280df6f06caff3ceaf79954cf4bd,2022-01-13
2026-03-21T00:18:55.849702,anexo-20,Formato de factura (Anexo 20),formato-de-factura,http://omawww.sat.gob.mx/tramitesyservicios/Paginas/anexo_20.htm,4.0,,true,xslt,http://www.sat.gob.mx/sitio_internet/cfd/4/cadenaoriginal_4_0/cadenaoriginal_4_0.xslt,anexo-20/formato-de-factura/version-4-0/cadenaoriginal_4_0.xslt,21127,e310da4d33e85b011559d86511fbd94da701b57cdf1b6e57609e375725ffb229,2024-06-17
2026-03-24T23:40:13.003808,anexo-20,Formato de factura (Anexo 20),formato-de-factura,http://omawww.sat.gob.mx/tramitesyservicios/Paginas/anexo_20.htm,4.0,,true,matriz,http://omawww.sat.gob.mx/tramitesyservicios/Paginas/documentos/MatrizDeErrores_CFDI_v40_20260325.xls,anexo-20/formato-de-factura/version-4-0/MatrizDeErrores_CFDI_v40.xls,454656,bdc350035c7ed720af5be15509e01d0bda7c12cec4ad9797b0c34f889c1140a7,2026-03-25
2026-03-21T00:18:55.849702,anexo-20,Formato de factura (Anexo 20),formato-de-factura,http://omawww.sat.gob.mx/tramitesyservicios/Paginas/anexo_20.htm,4.0,,true,patron,http://www.sat.gob.mx/sitio_internet/cfd/tipoDatos/tdCFDI/tdCFDI.xsd,anexo-20/formato-de-factura/version-4-0/tdCFDI.xsd,7315,b3b81fe4017b95d5477f23a32f47e8b0571683cfddfff1330508c75e02b504cd,2024-04-22
2026-03-21T00:18:55.849702,anexo-20,Formato de factura (Anexo 20),formato-de-factura,http://omawww.sat.gob.mx/tramitesyservicios/Paginas/anexo_20.htm,4.0,,true,catalogo.xsd,http://www.sat.gob.mx/sitio_internet/cfd/catalogos/catCFDI.xsd,anexo-20/formato-de-factura/version-4-0/catCFDI.xsd,5984046,6c58936cb77576f839a4d7915953ceaf252b9eb9319f9458fe5bb67ae2bb0bb1,2024-12-13
2026-03-24T23:40:13.003808,anexo-20,Formato de factura (Anexo 20),formato-de-factura,http://omawww.sat.gob.mx/tramitesyservicios/Paginas/anexo_20.htm,4.0,,true,catalogo.xls,http://omawww.sat.gob.mx/tramitesyservicios/Paginas/documentos/catCFDI_V_4_20260324.xls,hf/xls/anexo20/cfdi/4-0/catCFDI.xls,48776192,98fedf75bd83ac963917d37afb23c462428f22a9e4a72f7acea62c28e3757767,2026-03-24
2026-03-21T23:09:47.319380,complementos,Aerolíneas,aerolineas,,1.0,A,true,estandar,https://www.sat.gob.mx/cs/Satellite?blobcol=urldata&blobkey=id&blobtable=MungoBlobs&blobwhere=1461175129167&ssbinary=true,complementos/aerolineas/version-1-0-revision-a/aerolineas.pdf,361494,e212743a3f6e08e5e3ac6ea4a2fd25c0bf50c6fff53dcfdf40c07b1bd30cc221,
2026-03-21T23:09:47.319380,complementos,Aerolíneas,aerolineas,,1.0,A,true,xsd,http://www.sat.gob.mx/sitio_internet/cfd/aerolineas/aerolineas.xsd,complementos/aerolineas/version-1-0-revision-a/aerolineas.xsd,3115,ccc233b428cc1379f790c5c4af9339da6957283ead4106ce1705518ea3f83cca,
2026-03-21T23:09:47.319380,complementos,Aerolíneas,aerolineas,,1.0,A,true,xslt,http://www.sat.gob.mx/sitio_internet/cfd/aerolineas/aerolineas.xslt,complementos/aerolineas/version-1-0-revision-a/aerolineas.xslt,1912,b197afab9535802b04d5e614a2320c10b8b67180e97f120b51d7bb60e61e028d,
2026-03-21T23:09:47.319380,complementos,CFDI Registro fiscal,cfdi-registro-fiscal,,1.0,,true,estandar,https://www.sat.gob.mx/cs/Satellite?blobcol=urldata&blobkey=id&blobtable=MungoBlobs&blobwhere=1461173390662&ssbinary=true,complementos/cfdi-registro-fiscal/version-1-0/0874.AGSC.ACGSTME.PD.ComplementoCFDIRegistroFiscal1.0%2C0.pdf,177653,ca51822c1b72117b82559e7cc0dd898997d941f8231fb9c436af2924ed839bd1,
2026-03-21T23:09:47.319380,complementos,CFDI Registro fiscal,cfdi-registro-fiscal,,1.0,,true,xsd,http://www.sat.gob.mx/sitio_internet/cfd/cfdiregistrofiscal/cfdiregistrofiscal.xsd,complementos/cfdi-registro-fiscal/version-1-0/cfdiregistrofiscal.xsd,1209,6a877c2d4ed4cc063daea791d3f0477e15c01b1771a4c9db37c508e9443eb7bb,
2026-03-21T23:09:47.319380,complementos,CFDI Registro fiscal,cfdi-registro-fiscal,,1.0,,true,xslt,http://www.sat.gob.mx/sitio_internet/cfd/cfdiregistrofiscal/cfdiregistrofiscal.xslt,complementos/cfdi-registro-fiscal/version-1-0/cfdiregistrofiscal.xslt,823,6f47783bfeafa3920cbb452a3adee0239efd2250c13b9d91d242930416d1dee2,
2026-03-21T23:09:47.319380,complementos,Carta Porte,carta-porte,https://www.sat.gob.mx/portal/public/tramites/complemento-carta-porte,3.1,,true,estandar,http://omawww.sat.gob.mx/tramitesyservicios/Paginas/documentos/Carta_Porte_31.pdf,complementos/carta-porte/version-3-1/Carta_Porte_31.pdf,2107343,6c35f136351ed75901908adbd42cb2cb586f0ff430d6fb437c7174b71ad1cd11,2024-06-17
2026-03-21T23:09:47.319380,complementos,Carta Porte,carta-porte,https://www.sat.gob.mx/portal/public/tramites/complemento-carta-porte,3.1,,true,xsd,http://www.sat.gob.mx/sitio_internet/cfd/CartaPorte/CartaPorte31.xsd,complementos/carta-porte/version-3-1/CartaPorte31.xsd,117864,31d40c4d96aea02b038b9a91db3b3a032310a037922ca663645177a6ab76a168,2024-06-17
2026-03-21T23:09:47.319380,complementos,Carta Porte,carta-porte,https://www.sat.gob.mx/portal/public/tramites/complemento-carta-porte,3.1,,true,xslt,http://www.sat.gob.mx/sitio_internet/cfd/CartaPorte/CartaPorte31.xslt,complementos/carta-porte/version-3-1/CartaPorte31.xslt,34063,6ef3db6a004a7b27014bf8f03b9762f337479f0694525b193eaa9e3ff058fa0f,2024-06-17
2026-03-29T18:35:52.287244,complementos,Carta Porte,carta-porte,https://www.sat.gob.mx/portal/public/tramites/complemento-carta-porte,3.1,,true,matriz,https://ampocdevbuk01a.s3.us-east-1.amazonaws.com/Matriz_Errores_CCP_V31_15d77ee8eb.xls,complementos/carta-porte/version-3-1/Matriz_Errores_CCP_V31.xls,342528,5435ed272510461ff24f22ab675a7dd86013894fdb9cb98e4ae0655b6246c5c3,2024-06-17
2026-03-21T23:09:47.319380,complementos,Carta Porte,carta-porte,https://www.sat.gob.mx/portal/public/tramites/complemento-carta-porte,3.1,,true,catalogo.xls,https://ampocdevbuk01a.s3.us-east-1.amazonaws.com/Catalogos_Carta_Porte31_2db736cf0c.xls,hf/xls/complementos/carta-porte/3-1/Catalogos_Carta_Porte.xls,21216256,c457a7d67be11c2557fbe1dfa3d30a8450c5312d4b9ef06b094a3d7ca26415ad,2026-01-15
2026-03-21T23:09:47.319380,complementos,Carta Porte,carta-porte,https://www.sat.gob.mx/portal/public/tramites/complemento-carta-porte,3.1,,true,catalogo.xsd,http://www.sat.gob.mx/sitio_internet/cfd/catalogos/CartaPorte/catCartaPorte.xsd,complementos/carta-porte/version-3-1/catCartaPorte.xsd,2459045,d2281b5fbe4149141324ba30aba983d0e6c6a619992b620d3a54644f03f66d12,2026-01-13
2026-03-21T23:09:47.319380,complementos,Certificado de destrucción,certificado-de-destruccion,,1.0,A,true,estandar,https://www.sat.gob.mx/cs/Satellite?blobcol=urldata&blobkey=id&blobtable=MungoBlobs&blobwhere=1461175129183&ssbinary=true,complementos/certificado-de-destruccion/version-1-0-revision-a/certificadodedestruccion.pdf,244201,5a2ec436ee00f422739b897db919d455a772019196aac27c4ed8d77f777b6fdb,
2026-03-21T23:09:47.319380,complementos,Certificado de destrucción,certificado-de-destruccion,,1.0,A,true,xsd,http://www.sat.gob.mx/sitio_internet/cfd/certificadodestruccion/certificadodedestruccion.xsd,complementos/certificado-de-destruccion/version-1-0-revision-a/certificadodedestruccion.xsd,9812,6cadeacbf25cf428d9a755db6434d17d61a983c076cfe3ec98d12abb48077734,
2026-03-21T23:09:47.319380,complementos,Certificado de destrucción,certificado-de-destruccion,,1.0,A,true,xslt,http://www.sat.gob.mx/sitio_internet/cfd/certificadodestruccion/certificadodedestruccion.xslt,complementos/certificado-de-destruccion/version-1-0-revision-a/certificadodedestruccion.xslt,2882,e4b09099c1453b47bb286a69b05e60d5a5bccaaac466a4a2aebf788601f69349,
2026-03-21T23:09:47.319380,complementos,Certificado de destrucción,certificado-de-destruccion,,1.0,A,true,catalogo.other,https://www.sat.gob.mx/cs/Satellite?blobcol=urldata&blobkey=id&blobtable=MungoBlobs&blobwhere=1461173390655&ssbinary=true,complementos/certificado-de-destruccion/version-1-0-revision-a/0909.AGSC.ACGSTME.PD.Catalogo.certificado.destruccion%2C0.pdf,177166,e753373b394d1ffabd2a898b26aa3fff55ce94765efb3206bebb301fd6b40a25,
2026-03-23T00:13:53.056612,complementos,Comercio exterior,comercio-exterior,https://www.sat.gob.mx/portal/public/tramites/complemento-para-comercio-exterior,1.1,,false,catalogo.xls,http://omawww.sat.gob.mx/tramitesyservicios/Paginas/documentos/c_ClavePedimento20.xls,hf/xls/complementos/comercio-exterior/1-1/c_ClavePedimento20.xls,65536,b1db80a510c05538016315c4ab3e3e4c196d340ae5824a48a5cbd3bed21a759b,
2026-03-23T00:13:53.056612,complementos,Comercio exterior,comercio-exterior,https://www.sat.gob.mx/portal/public/tramites/complemento-para-comercio-exterior,1.1,,false,catalogo.xls,http://omawww.sat.gob.mx/tramitesyservicios/Paginas/documentos/c_Colonia20.xls,hf/xls/complementos/comercio-exterior/1-1/c_Colonia20.xls,11419648,e187eff43ae8219125e548940a105dfac9e9c12b79c7fcbb7009f24dcbc80513,
2026-03-23T00:13:53.056612,complementos,Comercio exterior,comercio-exterior,https://www.sat.gob.mx/portal/public/tramites/complemento-para-comercio-exterior,1.1,,false,catalogo.xls,http://omawww.sat.gob.mx/tramitesyservicios/Paginas/documentos/c_CodigoPostal_V_4_20231219.xls,hf/xls/complementos/comercio-exterior/1-1/c_CodigoPostal_V_4_20231219.xls,18669056,49b7ca23c1ec92d3bbfa6d8f5dedf4217b662c043d618afe45ce5c0c4ad591fe,
2026-03-23T00:13:53.056612,complementos,Comercio exterior,comercio-exterior,https://www.sat.gob.mx/portal/public/tramites/complemento-para-comercio-exterior,1.1,,false,catalogo.xls,http://omawww.sat.gob.mx/tramitesyservicios/Paginas/documentos/C_Estado20.xls,hf/xls/complementos/comercio-exterior/1-1/C_Estado20.xls,49664,f1f9c2b6b6fccb9b695ef790587785d53d1dbce914f09981260440a4f30df3d8,
2026-03-23T00:13:53.056612,complementos,Comercio exterior,comercio-exterior,https://www.sat.gob.mx/portal/public/tramites/complemento-para-comercio-exterior,1.1,,false,catalogo.xls,http://omawww.sat.gob.mx/tramitesyservicios/Paginas/documentos/c_FraccionArancelaria_20240513.xls,hf/xls/complementos/comercio-exterior/1-1/c_FraccionArancelaria_20240513.xls,1769472,d05ed4431731f5e5620da61c5d770b4ec2caae3a4723cbb3a49ff1b68eba6a4b,
2026-03-23T00:13:53.056612,complementos,Comercio exterior,comercio-exterior,https://www.sat.gob.mx/portal/public/tramites/complemento-para-comercio-exterior,1.1,,false,catalogo.xls,http://omawww.sat.gob.mx/tramitesyservicios/Paginas/documentos/c_INCOTERM20.xls,hf/xls/complementos/comercio-exterior/1-1/c_INCOTERM20.xls,68608,87bafb29fafdc03d555df80868f62985a2ef661fc1564bf238c4d90ac9855644,
2026-03-23T00:13:53.056612,complementos,Comercio exterior,comercio-exterior,https://www.sat.gob.mx/portal/public/tramites/complemento-para-comercio-exterior,1.1,,false,catalogo.xls,http://omawww.sat.gob.mx/tramitesyservicios/Paginas/documentos/c_Localidad20.xls,hf/xls/complementos/comercio-exterior/1-1/c_Localidad20.xls,138752,5c0853d504f56d103c55555c9231d3f831858104937c30cf84297a9c9e34f11e,
2026-03-23T00:13:53.056612,complementos,Comercio exterior,comercio-exterior,https://www.sat.gob.mx/portal/public/tramites/complemento-para-comercio-exterior,1.1,,false,catalogo.xls,http://omawww.sat.gob.mx/tramitesyservicios/Paginas/documentos/c_Moneda20.xls,hf/xls/complementos/comercio-exterior/1-1/c_Moneda20.xls,74752,ef1d265c60d7552b21aca397e005d086b382a264ba6fa53e43ca33275fc11e53,
2026-03-23T00:13:53.056612,complementos,Comercio exterior,comercio-exterior,https://www.sat.gob.mx/portal/public/tramites/complemento-para-comercio-exterior,1.1,,false,catalogo.xls,http://omawww.sat.gob.mx/tramitesyservicios/Paginas/documentos/c_MotivoTraslado20.xls,hf/xls/complementos/comercio-exterior/1-1/c_MotivoTraslado20.xls,65024,57b5f35f0e3c64bdfec84b871069c4c7ea73f93143668873b82c19a57c1b24fd,
2026-03-23T00:13:53.056612,complementos,Comercio exterior,comercio-exterior,https://www.sat.gob.mx/portal/public/tramites/complemento-para-comercio-exterior,1.1,,false,catalogo.xls,http://omawww.sat.gob.mx/tramitesyservicios/Paginas/documentos/c_Municipio20.xls,hf/xls/complementos/comercio-exterior/1-1/c_Municipio20.xls,330240,3805d274faf53c22fc2219aa189f163152273ea5ea4a862906c58c6e22fdb5e9,
2026-03-23T00:13:53.056612,complementos,Comercio exterior,comercio-exterior,https://www.sat.gob.mx/portal/public/tramites/complemento-para-comercio-exterior,1.1,,false,catalogo.xls,http://omawww.sat.gob.mx/tramitesyservicios/Paginas/documentos/c_Pais20.xls,hf/xls/complementos/comercio-exterior/1-1/c_Pais20.xls,80896,2da5ce8802fea0d4694a06cc3c104be5e9a14f0a86255444e7cd1096c78e3047,
2026-03-23T00:13:53.056612,complementos,Comercio exterior,comercio-exterior,https://www.sat.gob.mx/portal/public/tramites/complemento-para-comercio-exterior,1.1,,false,catalogo.xls,http://omawww.sat.gob.mx/tramitesyservicios/Paginas/documentos/c_RegimenFiscal20.xls,hf/xls/complementos/comercio-exterior/1-1/c_RegimenFiscal20.xls,61440,bdd5cf9b5ce651cc9e801a92516ce6ce8ea8b01d902bf3ea0bc480903a9fe15d,
2026-03-23T00:13:53.056612,complementos,Comercio exterior,comercio-exterior,https://www.sat.gob.mx/portal/public/tramites/complemento-para-comercio-exterior,1.1,,false,catalogo.xls,http://omawww.sat.gob.mx/tramitesyservicios/Paginas/documentos/c_TipoOperacion20.xls,hf/xls/complementos/comercio-exterior/1-1/c_TipoOperacion20.xls,65536,5161ea4b97dd98614b3ca78e477bee3fd8bcd8715e629a94338362592a2a6db6,
2026-03-23T00:13:53.056612,complementos,Comercio exterior,comercio-exterior,https://www.sat.gob.mx/portal/public/tramites/complemento-para-comercio-exterior,1.1,,false,catalogo.xls,http://omawww.sat.gob.mx/tramitesyservicios/Paginas/documentos/c_UnidadAduana20.xls,hf/xls/complementos/comercio-exterior/1-1/c_UnidadAduana20.xls,70144,26a5687018bbfe88f2299e70edf63f87b4e38f268503549b11a9c49943ab77e8,
2026-03-21T23:09:47.319380,complementos,Comercio exterior,comercio-exterior,https://www.sat.gob.mx/portal/public/tramites/complemento-para-comercio-exterior,2.0,,true,estandar,http://omawww.sat.gob.mx/tramitesyservicios/Paginas/documentos/EstandarComercioExterior_v20.pdf,complementos/comercio-exterior/version-2-0/EstandarComercioExterior_v20.pdf,659793,3ff0567dbafce9948a64c4616b7f63a74ae305a63f4a49968884d918314e5393,2023-12-19
2026-03-21T23:09:47.319380,complementos,Comercio exterior,comercio-exterior,https://www.sat.gob.mx/portal/public/tramites/complemento-para-comercio-exterior,2.0,,true,xsd,https://d1kv9jqywn0dfi.cloudfront.net/sitio_internet/cfd/ComercioExterior20/ComercioExterior20.xsd,complementos/comercio-exterior/version-2-0/ComercioExterior20.xsd,31276,08c569b109dfd7ac95fea9b6d6861b2493f617280149d4eaa5b1adbd325e009b,
2026-03-21T23:09:47.319380,complementos,Comercio exterior,comercio-exterior,https://www.sat.gob.mx/portal/public/tramites/complemento-para-comercio-exterior,2.0,,true,xslt,https://d1kv9jqywn0dfi.cloudfront.net/sitio_internet/cfd/ComercioExterior20/ComercioExterior20.xslt,complementos/comercio-exterior/version-2-0/ComercioExterior20.xslt,7039,b7540d6878c8d1e14b3d7f8a8bf3889dc03b0dfb6dfbfc6d6b30e27a094b8446,
2026-03-29T18:35:52.287244,complementos,Comercio exterior,comercio-exterior,https://www.sat.gob.mx/portal/public/tramites/complemento-para-comercio-exterior,2.0,,true,matriz,https://ampocdevbuk01a.s3.us-east-1.amazonaws.com/Matriz_de_Errores_CCE_v2_0_da60ac2333.xls,complementos/comercio-exterior/version-2-0/Matriz_de_Errores_CCE_v2.xls,135168,48d67a485fb4833e01055a17cb6cf16e76b96983bf166c0e9a2b1bd9596a139a,
2026-03-23T00:13:53.056612,complementos,Comercio exterior,comercio-exterior,https://www.sat.gob.mx/portal/public/tramites/complemento-para-comercio-exterior,2.0,,true,catalogo.xls,http://omawww.sat.gob.mx/tramitesyservicios/Paginas/documentos/c_ClavePedimento20.xls,hf/xls/complementos/comercio-exterior/2-0/c_ClavePedimento20.xls,65536,b1db80a510c05538016315c4ab3e3e4c196d340ae5824a48a5cbd3bed21a759b,
2026-03-23T00:13:53.056612,complementos,Comercio exterior,comercio-exterior,https://www.sat.gob.mx/portal/public/tramites/complemento-para-comercio-exterior,2.0,,true,catalogo.xls,http://omawww.sat.gob.mx/tramitesyservicios/Paginas/documentos/c_Colonia20.xls,hf/xls/complementos/comercio-exterior/2-0/c_Colonia20.xls,11419648,e187eff43ae8219125e548940a105dfac9e9c12b79c7fcbb7009f24dcbc80513,
2026-03-23T00:13:53.056612,complementos,Comercio exterior,comercio-exterior,https://www.sat.gob.mx/portal/public/tramites/complemento-para-comercio-exterior,2.0,,true,catalogo.xls,http://omawww.sat.gob.mx/tramitesyservicios/Paginas/documentos/c_CodigoPostal_V_4_20231219.xls,hf/xls/complementos/comercio-exterior/2-0/c_CodigoPostal_V_4_20231219.xls,18669056,49b7ca23c1ec92d3bbfa6d8f5dedf4217b662c043d618afe45ce5c0c4ad591fe,
2026-03-23T00:13:53.056612,complementos,Comercio exterior,comercio-exterior,https://www.sat.gob.mx/portal/public/tramites/complemento-para-comercio-exterior,2.0,,true,catalogo.xls,http://omawww.sat.gob.mx/tramitesyservicios/Paginas/documentos/C_Estado20.xls,hf/xls/complementos/comercio-exterior/2-0/C_Estado20.xls,49664,f1f9c2b6b6fccb9b695ef790587785d53d1dbce914f09981260440a4f30df3d8,
2026-03-23T00:13:53.056612,complementos,Comercio exterior,comercio-exterior,https://www.sat.gob.mx/portal/public/tramites/complemento-para-comercio-exterior,2.0,,true,catalogo.xls,http://omawww.sat.gob.mx/tramitesyservicios/Paginas/documentos/c_FraccionArancelaria_20240513.xls,hf/xls/complementos/comercio-exterior/2-0/c_FraccionArancelaria_20240513.xls,1769472,d05ed4431731f5e5620da61c5d770b4ec2caae3a4723cbb3a49ff1b68eba6a4b,
2026-03-23T00:13:53.056612,complementos,Comercio exterior,comercio-exterior,https://www.sat.gob.mx/portal/public/tramites/complemento-para-comercio-exterior,2.0,,true,catalogo.xls,http://omawww.sat.gob.mx/tramitesyservicios/Paginas/documentos/c_INCOTERM20.xls,hf/xls/complementos/comercio-exterior/2-0/c_INCOTERM20.xls,68608,87bafb29fafdc03d555df80868f62985a2ef661fc1564bf238c4d90ac9855644,
2026-03-23T00:13:53.056612,complementos,Comercio exterior,comercio-exterior,https://www.sat.gob.mx/portal/public/tramites/complemento-para-comercio-exterior,2.0,,true,catalogo.xls,http://omawww.sat.gob.mx/tramitesyservicios/Paginas/documentos/c_Localidad20.xls,hf/xls/complementos/comercio-exterior/2-0/c_Localidad20.xls,138752,5c0853d504f56d103c55555c9231d3f831858104937c30cf84297a9c9e34f11e,
2026-03-23T00:13:53.056612,complementos,Comercio exterior,comercio-exterior,https://www.sat.gob.mx/portal/public/tramites/complemento-para-comercio-exterior,2.0,,true,catalogo.xls,http://omawww.sat.gob.mx/tramitesyservicios/Paginas/documentos/c_Moneda20.xls,hf/xls/complementos/comercio-exterior/2-0/c_Moneda20.xls,74752,ef1d265c60d7552b21aca397e005d086b382a264ba6fa53e43ca33275fc11e53,
2026-03-23T00:13:53.056612,complementos,Comercio exterior,comercio-exterior,https://www.sat.gob.mx/portal/public/tramites/complemento-para-comercio-exterior,2.0,,true,catalogo.xls,http://omawww.sat.gob.mx/tramitesyservicios/Paginas/documentos/c_MotivoTraslado20.xls,hf/xls/complementos/comercio-exterior/2-0/c_MotivoTraslado20.xls,65024,57b5f35f0e3c64bdfec84b871069c4c7ea73f93143668873b82c19a57c1b24fd,
2026-03-23T00:13:53.056612,complementos,Comercio exterior,comercio-exterior,https://www.sat.gob.mx/portal/public/tramites/complemento-para-comercio-exterior,2.0,,true,catalogo.xls,http://omawww.sat.gob.mx/tramitesyservicios/Paginas/documentos/c_Municipio20.xls,hf/xls/complementos/comercio-exterior/2-0/c_Municipio20.xls,330240,3805d274faf53c22fc2219aa189f163152273ea5ea4a862906c58c6e22fdb5e9,
2026-03-23T00:13:53.056612,complementos,Comercio exterior,comercio-exterior,https://www.sat.gob.mx/portal/public/tramites/complemento-para-comercio-exterior,2.0,,true,catalogo.xls,http://omawww.sat.gob.mx/tramitesyservicios/Paginas/documentos/c_Pais20.xls,hf/xls/complementos/comercio-exterior/2-0/c_Pais20.xls,80896,2da5ce8802fea0d4694a06cc3c104be5e9a14f0a86255444e7cd1096c78e3047,
2026-03-23T00:13:53.056612,complementos,Comercio exterior,comercio-exterior,https://www.sat.gob.mx/portal/public/tramites/complemento-para-comercio-exterior,2.0,,true,catalogo.xls,http://omawww.sat.gob.mx/tramitesyservicios/Paginas/documentos/c_RegimenFiscal20.xls,hf/xls/complementos/comercio-exterior/2-0/c_RegimenFiscal20.xls,61440,bdd5cf9b5ce651cc9e801a92516ce6ce8ea8b01d902bf3ea0bc480903a9fe15d,
2026-03-23T00:13:53.056612,complementos,Comercio exterior,comercio-exterior,https://www.sat.gob.mx/portal/public/tramites/complemento-para-comercio-exterior,2.0,,true,catalogo.xls,http://omawww.sat.gob.mx/tramitesyservicios/Paginas/documentos/c_TipoOperacion20.xls,hf/xls/complementos/comercio-exterior/2-0/c_TipoOperacion20.xls,65536,5161ea4b97dd98614b3ca78e477bee3fd8bcd8715e629a94338362592a2a6db6,
2026-03-23T00:13:53.056612,complementos,Comercio exterior,comercio-exterior,https://www.sat.gob.mx/portal/public/tramites/complemento-para-comercio-exterior,2.0,,true,catalogo.xls,http://omawww.sat.gob.mx/tramitesyservicios/Paginas/documentos/c_UnidadAduana20.xls,hf/xls/complementos/comercio-exterior/2-0/c_UnidadAduana20.xls,70144,26a5687018bbfe88f2299e70edf63f87b4e38f268503549b11a9c49943ab77e8,
2026-03-21T23:09:47.319380,complementos,Comercio exterior,comercio-exterior,https://www.sat.gob.mx/portal/public/tramites/complemento-para-comercio-exterior,2.0,,true,catalogo.xsd,https://d1kv9jqywn0dfi.cloudfront.net/sitio_internet/cfd/catalogos/ComExt/catComExt.xsd,complementos/comercio-exterior/version-2-0/catComExt.xsd,1043746,6c2d60cb8f92810db0fc82b83571d714244bc701b510d9fac4021c2b99dfcfbb,
2026-03-21T23:09:47.319380,complementos,Compra venta de divisas,compra-venta-de-divisas,,1.0,A,true,estandar,https://www.sat.gob.mx/cs/Satellite?blobcol=urldata&blobkey=id&blobtable=MungoBlobs&blobwhere=1461175129241&ssbinary=true,complementos/compra-venta-de-divisas/version-1-0-revision-a/ComplementoDivisas1.0.pdf,156090,7e8bae411197adde42e331b9cf708a6bbb3f0f9df0cfdcaaa2a274c90004cde5,
2026-03-21T23:09:47.319380,complementos,Compra venta de divisas,compra-venta-de-divisas,,1.0,A,true,xsd,http://www.sat.gob.mx/sitio_internet/cfd/divisas/divisas.xsd,complementos/compra-venta-de-divisas/version-1-0-revision-a/divisas.xsd,1461,02e756b0195a7b75a53da4c4694a185630969b56cfbdc71fc2b3827a91bc49eb,
2026-03-21T23:09:47.319380,complementos,Compra venta de divisas,compra-venta-de-divisas,,1.0,A,true,xslt,http://www.sat.gob.mx/sitio_internet/cfd/divisas/divisas.xslt,complementos/compra-venta-de-divisas/version-1-0-revision-a/divisas.xslt,707,64e24ea80b61f6a48ab242875e66877a49449286140187a668aa88241464640e,
2026-03-21T23:09:47.319380,complementos,Consumo de combustibles,consumo-de-combustibles,,1.1,B,true,estandar,https://www.sat.gob.mx/cs/Satellite?blobcol=urldata&blobkey=id&blobtable=MungoBlobs&blobwhere=1461175199000&ssbinary=true,complementos/consumo-de-combustibles/version-1-1-revision-b/Estand_Combustible11+28122021.pdf,508687,1ed44b43a05139b15f2b5cc822ecf2838c5c39c63e0914bade89f26d9a57b542,
2026-03-21T23:09:47.319380,complementos,Consumo de combustibles,consumo-de-combustibles,,1.1,B,true,xsd,http://www.sat.gob.mx/sitio_internet/cfd/consumodecombustibles/consumodeCombustibles11.xsd,complementos/consumo-de-combustibles/version-1-1-revision-b/consumodeCombustibles11.xsd,13829,da84fd7b45f007773641ccc13c2cd2aa81fa09de951da5ebd5ae8618a38b645b,
2026-03-21T23:09:47.319380,complementos,Consumo de combustibles,consumo-de-combustibles,,1.1,B,true,xslt,http://www.sat.gob.mx/sitio_internet/cfd/consumodecombustibles/consumodeCombustibles11.xslt,complementos/consumo-de-combustibles/version-1-1-revision-b/consumodeCombustibles11.xslt,4192,f43a77f25aba6ea7ce48769a5c700d2edce78e75914fbe866eafdb816ac2a9c1,
2026-03-21T23:09:47.319380,complementos,Consumo de combustibles,consumo-de-combustibles,,1.1,B,true,catalogo.other,https://www.sat.gob.mx/cs/Satellite?blobcol=urldata&blobkey=id&blobtable=MungoBlobs&blobwhere=1461175199126&ssbinary=true,hf/xls/complementos/consumo-de-combustibles/1-1-b/CatCombustibles.xls,58880,e0244f538579a590369715e29d2c041bb5ec4e673a9fec21fdb7ee56c85f614b,
2026-03-21T23:09:47.319380,complementos,Consumo de combustibles,consumo-de-combustibles,,1.1,B,true,catalogo.xsd,http://www.sat.gob.mx/sitio_internet/cfd/catalogos/Combustible/catCombustible.xsd,complementos/consumo-de-combustibles/version-1-1-revision-b/catCombustible.xsd,1365,eae3bc697cda96b169d3b85ec375d66dc343eb244ed1f8341c779e5417680fb3,
2026-03-21T23:09:47.319380,complementos,Donatarias,donatarias,,1.1,A,true,estandar,https://www.sat.gob.mx/cs/Satellite?blobcol=urldata&blobkey=id&blobtable=MungoBlobs&blobwhere=1461175129204&ssbinary=true,complementos/donatarias/version-1-1-revision-a/ComplementodonativosV1.1.pdf,167201,bfa532a5e368ba2fcdfabebb2004acb86dbd55331e195504f82494de5607e350,
2026-03-21T23:09:47.319380,complementos,Donatarias,donatarias,,1.1,A,true,xsd,http://www.sat.gob.mx/sitio_internet/cfd/donat/donat11.xsd,complementos/donatarias/version-1-1-revision-a/donat11.xsd,2466,05747323d06d42578a2c40d85b402f9e66df8328274875286bec85c19b3c0cff,
2026-03-21T23:09:47.319380,complementos,Donatarias,donatarias,,1.1,A,true,xslt,http://www.sat.gob.mx/sitio_internet/cfd/donat/donat11.xslt,complementos/donatarias/version-1-1-revision-a/donat11.xslt,994,608a65b07c5841857562026c244c81f9cf3ddd32ff1d28bebab347bb4230fee3,
2026-03-21T23:09:47.319380,complementos,Estado de cuenta de combustibles para monederos electrónicos,estado-de-cuenta-de-combustibles-para-monederos-electronicos,,1.2,B,true,estandar,https://www.sat.gob.mx/cs/Satellite?blobcol=urldata&blobkey=id&blobtable=MungoBlobs&blobwhere=1461175198971&ssbinary=true,complementos/estado-de-cuenta-de-combustibles-para-monederos-electronicos/version-1-2-revision-b/Estand_Edo_Cuenta_Com12_B.pdf,466305,3210587141699381316eaaa9d7887381b7db9f88c1ba64c253adfdcbac4d509b,
2026-03-21T23:09:47.319380,complementos,Estado de cuenta de combustibles para monederos electrónicos,estado-de-cuenta-de-combustibles-para-monederos-electronicos,,1.2,B,true,xsd,http://www.sat.gob.mx/sitio_internet/cfd/EstadoDeCuentaCombustible/ecc12.xsd,complementos/estado-de-cuenta-de-combustibles-para-monederos-electronicos/version-1-2-revision-b/ecc12.xsd,15389,00f41b18f378440c3d07e51ef150d24f0eb699fb53ab374742aa55dcf278c178,
2026-03-21T23:09:47.319380,complementos,Estado de cuenta de combustibles para monederos electrónicos,estado-de-cuenta-de-combustibles-para-monederos-electronicos,,1.2,B,true,xslt,http://www.sat.gob.mx/sitio_internet/cfd/EstadoDeCuentaCombustible/ecc12.xslt,complementos/estado-de-cuenta-de-combustibles-para-monederos-electronicos/version-1-2-revision-b/ecc12.xslt,4122,ad76f5a5c726df61fe82c1db5e3a189b1026fa0cd87518ea225498e24f4014fb,
2026-03-29T18:35:52.287244,complementos,Estado de cuenta de combustibles para monederos electrónicos,estado-de-cuenta-de-combustibles-para-monederos-electronicos,,1.2,B,true,matriz,https://www.sat.gob.mx/cs/Satellite?blobcol=urldata&blobkey=id&blobtable=MungoBlobs&blobwhere=1461175199114&ssbinary=true,complementos/estado-de-cuenta-de-combustibles-para-monederos-electronicos/version-1-2-revision-b/Matriz_errores_ECC12+%28B%2940.xls,44544,04746f1419cfa178324ad58a3e21ddcdab5f646eab1003a5e83f14e131e4e571,
2026-03-21T23:09:47.319380,complementos,Estado de cuenta de combustibles para monederos electrónicos,estado-de-cuenta-de-combustibles-para-monederos-electronicos,,1.2,B,true,catalogo.other,https://www.sat.gob.mx/cs/Satellite?blobcol=urldata&blobkey=id&blobtable=MungoBlobs&blobwhere=1461175199119&ssbinary=true,hf/xls/complementos/estado-de-cuenta-de-combustibles-para-monederos-electronicos/1-2-b/Catalogo_Combustibles.xls,53760,8749f55bb6ede6bf6dfcb0acbfff720f44e45c9966b8d8d85f35d8fda051536c,
2026-03-21T23:09:47.319380,complementos,Estado de cuenta de combustibles para monederos electrónicos,estado-de-cuenta-de-combustibles-para-monederos-electronicos,,1.2,B,true,catalogo.xsd,http://www.sat.gob.mx/sitio_internet/cfd/catalogos/Combustible/catCombustible.xsd,complementos/estado-de-cuenta-de-combustibles-para-monederos-electronicos/version-1-2-revision-b/catCombustible.xsd,1365,eae3bc697cda96b169d3b85ec375d66dc343eb244ed1f8341c779e5417680fb3,
2026-03-21T23:09:47.319380,complementos,Hidrocarburos,hidrocarburos,https://www.sat.gob.mx/portal/public/tramites/complementos-para-consorcios-en-materia-de-hidrocarburos,1.0,A,true,estandar,https://www.sat.gob.mx/cs/Satellite?blobcol=urldata&blobkey=id&blobtable=MungoBlobs&blobwhere=1461175198847&ssbinary=true,complementos/hidrocarburos/version-1-0-revision-a-gastos/Estructura+Gastos+Hidrocarburos10_A.pdf,587041,ab25295a112ff68f39b69bba386223c19db32164ff8208484881af02210027b1,
2026-03-21T23:09:47.319380,complementos,Hidrocarburos,hidrocarburos,https://www.sat.gob.mx/portal/public/tramites/complementos-para-consorcios-en-materia-de-hidrocarburos,1.0,A,true,xsd,http://www.sat.gob.mx/sitio_internet/cfd/GastosHidrocarburos10/GastosHidrocarburos10.xsd,complementos/hidrocarburos/version-1-0-revision-a-gastos/GastosHidrocarburos10.xsd,24392,0eadcf7be81aa1b6256ec1ff9c91b45d8693d1f5d6d9482cc817f005baaa5753,
2026-03-21T23:09:47.319380,complementos,Hidrocarburos,hidrocarburos,https://www.sat.gob.mx/portal/public/tramites/complementos-para-consorcios-en-materia-de-hidrocarburos,1.0,A,true,xslt,http://www.sat.gob.mx/sitio_internet/cfd/GastosHidrocarburos10/GastosHidrocarburos10.xslt,complementos/hidrocarburos/version-1-0-revision-a-gastos/GastosHidrocarburos10.xslt,5930,dc295079d9884a2afec09d63819eb874b4bede35ca8d4fe713625d0973e78a6b,
2026-03-29T18:35:52.287244,complementos,Hidrocarburos,hidrocarburos,https://www.sat.gob.mx/portal/public/tramites/complementos-para-consorcios-en-materia-de-hidrocarburos,1.0,A,true,matriz,https://www.sat.gob.mx/cs/Satellite?blobcol=urldata&blobkey=id&blobtable=MungoBlobs&blobwhere=1461175199024&ssbinary=true,complementos/hidrocarburos/version-1-0-revision-a-gastos/Matriz_Apoyo_A20_40_GCEH.XLS,54272,b4f113fef7f94ed3e606ff437c7fb08b929ba8ac2f27739c5f7f13761a6a5737,
2026-03-21T23:09:47.319380,complementos,Hidrocarburos,hidrocarburos,https://www.sat.gob.mx/portal/public/tramites/complementos-para-consorcios-en-materia-de-hidrocarburos,1.0,A,true,catalogo.xls,https://www.sat.gob.mx/cs/Satellite?blobcol=urldata&blobkey=id&blobtable=MungoBlobs&blobwhere=1461175199059&ssbinary=true,hf/xls/complementos/hidrocarburos/1-0-a-gastos/CatGastosHidrocarburos.xls,106496,1a6d73edddb66d9e7006a465187c6fe0f5b542dd712dbe985199f840355b269e,
2026-03-21T23:09:47.319380,complementos,Hidrocarburos,hidrocarburos,https://www.sat.gob.mx/portal/public/tramites/complementos-para-consorcios-en-materia-de-hidrocarburos,1.0,A,true,catalogo.xsd,http://www.sat.gob.mx/sitio_internet/cfd/catalogos/hidrocarburos/catHidrocarburos.xsd,complementos/hidrocarburos/version-1-0-revision-a-gastos/catHidrocarburos.xsd,12676,0f61cc9dcfe51a60a5ba73dc120eae58baba3020bbe4e9062179c0351036f140,
2026-03-21T23:09:47.319380,complementos,Hidrocarburos,hidrocarburos,https://www.sat.gob.mx/portal/public/tramites/complementos-para-consorcios-en-materia-de-hidrocarburos,1.0,A,true,estandar,https://www.sat.gob.mx/cs/Satellite?blobcol=urldata&blobkey=id&blobtable=MungoBlobs&blobwhere=1461175198826&ssbinary=true,complementos/hidrocarburos/version-1-0-revision-a-ingresos/Estructura+Ingresos+Hidrocarburos10_A.pdf,222146,d5d62ebb449f858da1fd95dc7a3232e99562dd6470b1bfbc58c5843be9219c6d,
2026-03-21T23:09:47.319380,complementos,Hidrocarburos,hidrocarburos,https://www.sat.gob.mx/portal/public/tramites/complementos-para-consorcios-en-materia-de-hidrocarburos,1.0,A,true,xsd,https://d1kv9jqywn0dfi.cloudfront.net/sitio_internet/cfd/IngresosHidrocarburos10/IngresosHidrocarburos.xsd,complementos/hidrocarburos/version-1-0-revision-a-ingresos/IngresosHidrocarburos.xsd,5394,c95581645b5c743d93e0ee252c05c4e0399820be9c0da49dd094566690dc5a1f,
2026-03-21T23:09:47.319380,complementos,Hidrocarburos,hidrocarburos,https://www.sat.gob.mx/portal/public/tramites/complementos-para-consorcios-en-materia-de-hidrocarburos,1.0,A,true,xslt,http://www.sat.gob.mx/sitio_internet/cfd/IngresosHidrocarburos10/IngresosHidrocarburos.xslt,complementos/hidrocarburos/version-1-0-revision-a-ingresos/IngresosHidrocarburos.xslt,1647,8dc9fb24cb47162da3d6fb831a1aa57a12571986eb123adfad2471370d56c10f,
2026-03-29T18:35:52.287244,complementos,Hidrocarburos,hidrocarburos,https://www.sat.gob.mx/portal/public/tramites/complementos-para-consorcios-en-materia-de-hidrocarburos,1.0,A,true,matriz,https://www.sat.gob.mx/cs/Satellite?blobcol=urldata&blobkey=id&blobtable=MungoBlobs&blobwhere=1461175199079&ssbinary=true,complementos/hidrocarburos/version-1-0-revision-a-ingresos/Matriz_Apoyo_A20_40_IEEH.XLS,50176,894ade131feceb03971c5ae7a328da61becdb196a7ca20d2aad0760e6596bf4f,
2026-03-21T23:09:47.319380,complementos,Hidrocarburos,hidrocarburos,https://www.sat.gob.mx/portal/public/tramites/complementos-para-consorcios-en-materia-de-hidrocarburos,1.0,A,true,catalogo.xls,https://www.sat.gob.mx/cs/Satellite?blobcol=urldata&blobkey=id&blobtable=MungoBlobs&blobwhere=1461175199052&ssbinary=true,hf/xls/complementos/hidrocarburos/1-0-a-ingresos/CatIngresosHidrocarburos.xls,28160,cf859ce8906eb7bcfaacf305618688b915f6b2fdd699102b618ca0d6ffe85bcf,
2026-03-21T23:09:47.319380,complementos,Hidrocarburos,hidrocarburos,https://www.sat.gob.mx/portal/public/tramites/complementos-para-consorcios-en-materia-de-hidrocarburos,1.0,A,true,catalogo.xsd,https://d1kv9jqywn0dfi.cloudfront.net/sitio_internet/cfd/catalogos/hidrocarburos/catHidrocarburos.xsd,complementos/hidrocarburos/version-1-0-revision-a-ingresos/catHidrocarburos.xsd,12676,0f61cc9dcfe51a60a5ba73dc120eae58baba3020bbe4e9062179c0351036f140,
2026-03-21T23:09:47.319380,complementos,INE,ine,,1.1,B,true,estandar,https://www.sat.gob.mx/cs/Satellite?blobcol=urldata&blobkey=id&blobtable=MungoBlobs&blobwhere=1461175129283&ssbinary=true,complementos/ine/version-1-1-revision-b/Complemento.INE.1.1.Actualizado.pdf,248088,67591021a7d963808f77b7c6fd48b4c3840440bf7efac948c4c9667ff87a44cc,
2026-03-21T23:09:47.319380,complementos,INE,ine,,1.1,B,true,xsd,http://www.sat.gob.mx/sitio_internet/cfd/ine/ine11.xsd,complementos/ine/version-1-1-revision-b/ine11.xsd,7851,e12a1a7670af335c07ea33d33f79c0045a33333f544969c6e2e4eb19c63aaaf9,
2026-03-21T23:09:47.319380,complementos,INE,ine,,1.1,B,true,xslt,http://www.sat.gob.mx/sitio_internet/cfd/ine/ine11.xslt,complementos/ine/version-1-1-revision-b/ine11.xslt,1966,4098bf77bfee89e870604b7bc96ba4bdb19df78341f5e0cbffdd094eb916bcad,
2026-03-29T18:35:52.287244,complementos,INE,ine,,1.1,B,true,matriz,https://www.sat.gob.mx/cs/Satellite?blobcol=urldata&blobkey=id&blobtable=MungoBlobs&blobwhere=1461175745349&ssbinary=true,complementos/ine/version-1-1-revision-b/MatrizdeerroresINE11.xls,78336,e89e6c7651ce378d70b4030ae961999299c4d851c77125fe85847fbeed451901,
2026-03-21T23:09:47.319380,complementos,INE,ine,,1.1,B,true,catalogo.other,https://www.sat.gob.mx/cs/Satellite?blobcol=urldata&blobkey=id&blobtable=MungoBlobs&blobwhere=1461173390774&ssbinary=true,hf/xls/complementos/ine/1-1-b/Catalogos%2C.xls,90112,7e79cb3ae4994302d8b24fe4e7c6ee4be6859e9b6cddd3f40521c8bfffb5dde4,
2026-03-21T23:09:47.319380,complementos,Leyendas fiscales,leyendas-fiscales,,1.0,A,true,estandar,https://www.sat.gob.mx/cs/Satellite?blobcol=urldata&blobkey=id&blobtable=MungoBlobs&blobwhere=1461175129248&ssbinary=true,complementos/leyendas-fiscales/version-1-0-revision-a/leyendasFisc.pdf,169312,0358a74afda661e876978522b66385ccfdef61370d7e326b07a39d599be7c0c6,
2026-03-21T23:09:47.319380,complementos,Leyendas fiscales,leyendas-fiscales,,1.0,A,true,xsd,http://www.sat.gob.mx/sitio_internet/cfd/leyendasFiscales/leyendasFisc.xsd,complementos/leyendas-fiscales/version-1-0-revision-a/leyendasFisc.xsd,2785,9ef0b6fbc63fae02c74f1c310242be0290196b6a1ff2eb7d337022bbaf97212c,
2026-03-21T23:09:47.319380,complementos,Leyendas fiscales,leyendas-fiscales,,1.0,A,true,xslt,http://www.sat.gob.mx/sitio_internet/cfd/leyendasFiscales/leyendasFisc.xslt,complementos/leyendas-fiscales/version-1-0-revision-a/leyendasFisc.xslt,1410,1588e059a3fdfc29bcca4de27f99dcf52abbaa7d815f428f2353a3105f52328c,
2026-03-21T23:09:47.319380,complementos,Notarios públicos,notarios-publicos,,1.0,A,true,estandar,https://www.sat.gob.mx/cs/Satellite?blobcol=urldata&blobkey=id&blobtable=MungoBlobs&blobwhere=1461175129269&ssbinary=true,complementos/notarios-publicos/version-1-0-revision-a/notariospublicos.pdf,468146,c9c8f49da682e2556cf72c2a1d1d5f110818e83e610a2a8bb55a63c62e2d5c56,
2026-03-21T23:09:47.319380,complementos,Notarios públicos,notarios-publicos,,1.0,A,true,xsd,http://www.sat.gob.mx/sitio_internet/cfd/notariospublicos/notariospublicos.xsd,complementos/notarios-publicos/version-1-0-revision-a/notariospublicos.xsd,28778,70e6d02fcafdd6a61c0bb04573cc5f14742967ecc7ac00c92192cb449722c116,
2026-03-21T23:09:47.319380,complementos,Notarios públicos,notarios-publicos,,1.0,A,true,xslt,http://www.sat.gob.mx/sitio_internet/cfd/notariospublicos/notariospublicos.xslt,complementos/notarios-publicos/version-1-0-revision-a/notariospublicos.xslt,11323,7d2609b4b2977ace634d022e83f49bb20534bf137d7bdba014a40ee4b85e1d21,
2026-03-21T23:09:47.319380,complementos,Notarios públicos,notarios-publicos,,1.0,A,true,catalogo.other,https://www.sat.gob.mx/cs/Satellite?blobcol=urldata&blobkey=id&blobtable=MungoBlobs&blobwhere=1461173570242&ssbinary=true,complementos/notarios-publicos/version-1-0-revision-a/CatalogoComplementoNotarios.pdf,440806,e4ab20d61e80bdad0f5ab6b84c3cf975a6e5154259560b11783766721aa5244c,
2026-03-21T23:09:47.319380,complementos,Obras de arte plásticas y antigüedades,obras-de-arte-plasticas-y-antig-edades,,1.0,A,true,estandar,https://www.sat.gob.mx/cs/Satellite?blobcol=urldata&blobkey=id&blobtable=MungoBlobs&blobwhere=1461175129232&ssbinary=true,complementos/obras-de-arte-plasticas-y-antig-edades/version-1-0-revision-a/obrasarteantiguedades.pdf,274314,ac35e0834176149414d5a35859576ec9106567ef804dcbe3754b11f10c48fdbd,
2026-03-21T23:09:47.319380,complementos,Obras de arte plásticas y antigüedades,obras-de-arte-plasticas-y-antig-edades,,1.0,A,true,xsd,http://www.sat.gob.mx/sitio_internet/cfd/arteantiguedades/obrasarteantiguedades.xsd,complementos/obras-de-arte-plasticas-y-antig-edades/version-1-0-revision-a/obrasarteantiguedades.xsd,5907,9163cb74fd4ff45d1189bc16762c8c2d8c78054a6b64b5e31acab1fb11178f2f,
2026-03-21T23:09:47.319380,complementos,Obras de arte plásticas y antigüedades,obras-de-arte-plasticas-y-antig-edades,,1.0,A,true,xslt,http://www.sat.gob.mx/sitio_internet/cfd/arteantiguedades/obrasarteantiguedades.xslt,complementos/obras-de-arte-plasticas-y-antig-edades/version-1-0-revision-a/obrasarteantiguedades.xslt,1603,0823ab4e0ad86ffc6b674680981f4471a60c8ab72431b8dedacd08b1e61ba8e8,
2026-03-21T23:09:47.319380,complementos,Obras de arte plásticas y antigüedades,obras-de-arte-plasticas-y-antig-edades,,1.0,A,true,catalogo.other,https://www.sat.gob.mx/cs/Satellite?blobcol=urldata&blobkey=id&blobtable=MungoBlobs&blobwhere=1461173379376&ssbinary=true,complementos/obras-de-arte-plasticas-y-antig-edades/version-1-0-revision-a/Catalogos_complemento_obras_arte.pdf,197371,a2c6d7b193eeb2c6373baae6f170f301e1620ea123435cc1df4a9cc66604bed6,
2026-03-21T23:09:47.319380,complementos,Otros derechos e impuestos,otros-derechos-e-impuestos,,1.0,A,true,estandar,https://www.sat.gob.mx/cs/Satellite?blobcol=urldata&blobkey=id&blobtable=MungoBlobs&blobwhere=1461175129262&ssbinary=true,complementos/otros-derechos-e-impuestos/version-1-0-revision-a/EstandarImpuestolocal.pdf,177491,1fbc23df84f7688eb7d69676e06856ac9c12ed501fe6c670abedb51afaa964d6,
2026-03-21T23:09:47.319380,complementos,Otros derechos e impuestos,otros-derechos-e-impuestos,,1.0,A,true,xsd,http://www.sat.gob.mx/sitio_internet/cfd/implocal/implocal.xsd,complementos/otros-derechos-e-impuestos/version-1-0-revision-a/implocal.xsd,4175,c377fe22b3d96cc6f719cbc4264c6d5754be351339deb48cfe7c004fefe62d1b,
2026-03-21T23:09:47.319380,complementos,Otros derechos e impuestos,otros-derechos-e-impuestos,,1.0,A,true,xslt,http://www.sat.gob.mx/sitio_internet/cfd/implocal/implocal.xslt,complementos/otros-derechos-e-impuestos/version-1-0-revision-a/implocal.xslt,1827,f99e91c983b7a43b72dc41129afca7342a30e6e45de71b34f7d4e5b6154439d4,
2026-03-21T23:09:47.319380,complementos,Pago en especie,pago-en-especie,,1.0,A,true,estandar,https://www.sat.gob.mx/cs/Satellite?blobcol=urldata&blobkey=id&blobtable=MungoBlobs&blobwhere=1461175129218&ssbinary=true,complementos/pago-en-especie/version-1-0-revision-a/pagoenespecie.pdf,172548,d83a3f05ef65d9377180bcd027a448f5b48557a78eb15adfe3099dcbe2dc78d3,
2026-03-21T23:09:47.319380,complementos,Pago en especie,pago-en-especie,,1.0,A,true,xsd,http://www.sat.gob.mx/sitio_internet/cfd/pagoenespecie/pagoenespecie.xsd,complementos/pago-en-especie/version-1-0-revision-a/pagoenespecie.xsd,3122,5671528963ce1b3b2707ca302c3f22e5b822d180e5a0047f9d8315562fea97d4,
2026-03-21T23:09:47.319380,complementos,Pago en especie,pago-en-especie,,1.0,A,true,xslt,http://www.sat.gob.mx/sitio_internet/cfd/pagoenespecie/pagoenespecie.xslt,complementos/pago-en-especie/version-1-0-revision-a/pagoenespecie.xslt,1484,685854e25f091ebcb95a4865a7df80630949b2f400e47676ff8dfa2f3019a404,
2026-03-21T23:09:47.319380,complementos,Persona física integrante de coordinado,persona-fisica-integrante-de-coordinado,,1.0,A,true,estandar,https://www.sat.gob.mx/cs/Satellite?blobcol=urldata&blobkey=id&blobtable=MungoBlobs&blobwhere=1461175129276&ssbinary=true,complementos/persona-fisica-integrante-de-coordinado/version-1-0-revision-a/pfic.pdf,171420,4de3d61db007f09904d01e51add7d3b63986d7affadebde417ec04f52d5070bb,
2026-03-21T23:09:47.319380,complementos,Persona física integrante de coordinado,persona-fisica-integrante-de-coordinado,,1.0,A,true,xsd,http://www.sat.gob.mx/sitio_internet/cfd/pfic/pfic.xsd,complementos/persona-fisica-integrante-de-coordinado/version-1-0-revision-a/pfic.xsd,2889,7484c2a2e8e0cde3a1e96b5f9d384546d016c35fd2d2712ead85822b41664023,
2026-03-21T23:09:47.319380,complementos,Persona física integrante de coordinado,persona-fisica-integrante-de-coordinado,,1.0,A,true,xslt,http://www.sat.gob.mx/sitio_internet/cfd/pfic/pfic.xslt,complementos/persona-fisica-integrante-de-coordinado/version-1-0-revision-a/pfic.xslt,1010,5f18f835cf6007e92b156ad4cc65ab9167becdcfb1742f6cd655fd2f173e8b1b,
2026-03-21T23:09:47.319380,complementos,Recepción de pagos,recepcion-de-pagos,https://www.sat.gob.mx/portal/public/tramites/complemento-recepcion-de-pagos,,,true,estandar,http://omawww.sat.gob.mx/tramitesyservicios/Paginas/documentos/Complemento_de_Pagos20_RevB.pdf,complementos/recepcion-de-pagos/files/Complemento_de_Pagos20_RevB.pdf,787600,2580c5335a95315c8f2f7c2e741db3a441bbbe994635897757f514a690b38a3f,2023-12-15
2026-03-21T23:09:47.319380,complementos,Recepción de pagos,recepcion-de-pagos,https://www.sat.gob.mx/portal/public/tramites/complemento-recepcion-de-pagos,,,true,xsd,http://www.sat.gob.mx/sitio_internet/cfd/Pagos/Pagos20.xsd,complementos/recepcion-de-pagos/files/Pagos20.xsd,34039,f37dd303a490ecd1b53eff3b6498aa1be9c084afaf903908ca30e8d55c23d14a,2023-01-07
2026-03-21T23:09:47.319380,complementos,Recepción de pagos,recepcion-de-pagos,https://www.sat.gob.mx/portal/public/tramites/complemento-recepcion-de-pagos,,,true,xslt,http://www.sat.gob.mx/sitio_internet/cfd/Pagos/Pagos20.xslt,complementos/recepcion-de-pagos/files/Pagos20.xslt,9827,9277a0a5049fbd56e3123e6489ffb16f6ccfbca30943aa7dbd0f969f3b70bd0f,2021-12-22
2026-03-29T18:35:52.287244,complementos,Recepción de pagos,recepcion-de-pagos,https://www.sat.gob.mx/portal/public/tramites/complemento-recepcion-de-pagos,,,true,matriz,https://ampocdevbuk01a.s3.us-east-1.amazonaws.com/Matriz_De_Errores_CRP_V20_Rev_B_b6fdbe7f31.xls,complementos/recepcion-de-pagos/files/Matriz_De_Errores_CRP_V20_Rev_B.xls,456704,84fef6323770dadd89f4f6fa74fbafaa06a4692d577604363938b31e0d6e4268,2024-01-16
2026-03-21T23:09:47.319380,complementos,Recepción de pagos,recepcion-de-pagos,https://www.sat.gob.mx/portal/public/tramites/complemento-recepcion-de-pagos,,,true,catalogo.xls,https://ampocdevbuk01a.s3.us-east-1.amazonaws.com/cat_Pagos_8ca5655de2.xls,hf/xls/complementos/recepcion-de-pagos/cat_Pagos.xls,102912,5492da027a2edec9a7680e6a43c426ca3c7e3554a596f89ee0248cce576cb200,2021-12-22
2026-03-21T23:09:47.319380,complementos,Recepción de pagos,recepcion-de-pagos,https://www.sat.gob.mx/portal/public/tramites/complemento-recepcion-de-pagos,,,true,catalogo.xsd,http://www.sat.gob.mx/sitio_internet/cfd/catalogos/Pagos/catPagos.xsd,complementos/recepcion-de-pagos/files/catPagos.xsd,533,72dbaa6e3d6518ac26b1d6a03f44bf4280a4bf1e0361c926bdc714cd3db1dbd6,2017-05-12
2026-03-21T23:09:47.319380,complementos,Recibo de pago de nómina,recibo-de-pago-de-nomina,https://www.sat.gob.mx/portal/public/tramites/complemento-de-nomina,1.2,E,true,estandar,https://ampocdevbuk01a.s3.us-east-1.amazonaws.com/Estandar_nomina12_f8dc822bb2.pdf,complementos/recibo-de-pago-de-nomina/version-1-2-revision-e/Estandar_nomina12_f8dc822bb2.pdf,845480,b0af9981e1e5494ebf702cdff2373c5c204521f73d2f7deb52cf61b9fa013561,2025-12-02
2026-03-21T23:09:47.319380,complementos,Recibo de pago de nómina,recibo-de-pago-de-nomina,https://www.sat.gob.mx/portal/public/tramites/complemento-de-nomina,1.2,E,true,xsd,http://www.sat.gob.mx/sitio_internet/cfd/nomina/nomina12.xsd,complementos/recibo-de-pago-de-nomina/version-1-2-revision-e/nomina12.xsd,40348,ac5db22ceee35c2224aad8745a3ab968c9c3d04d36adb50d056c83c4c1a29083,2021-12-29
2026-03-21T23:09:47.319380,complementos,Recibo de pago de nómina,recibo-de-pago-de-nomina,https://www.sat.gob.mx/portal/public/tramites/complemento-de-nomina,1.2,E,true,xslt,http://www.sat.gob.mx/sitio_internet/cfd/nomina/nomina12.xslt,complementos/recibo-de-pago-de-nomina/version-1-2-revision-e/nomina12.xslt,17105,4130bdb7f62d0987caa5af754ca0704c9e2693e3b454adfff02ba6146d673a08,2016-11-01
2026-03-29T18:35:52.287244,complementos,Recibo de pago de nómina,recibo-de-pago-de-nomina,https://www.sat.gob.mx/portal/public/tramites/complemento-de-nomina,1.2,E,true,matriz,https://ampocdevbuk01a.s3.us-east-1.amazonaws.com/Matriz_Errores_Nomina_v12_Rev_E_de80469d51.xls,complementos/recibo-de-pago-de-nomina/version-1-2-revision-e/Matriz_Errores_Nomina_v12_Rev_E.xls,95232,285a18b3c0c4cc1c895252ecc1d3fcf6aa18f6e83b6f4af0c6e0968d84a6a53e,2025-12-02
2026-03-21T23:09:47.319380,complementos,Recibo de pago de nómina,recibo-de-pago-de-nomina,https://www.sat.gob.mx/portal/public/tramites/complemento-de-nomina,1.2,E,true,catalogo.xls,https://ampocdevbuk01a.s3.us-east-1.amazonaws.com/cat_Nomina_5332287214.xls,hf/xls/complementos/recibo-de-pago-de-nomina/1-2-e/cat_Nomina.xls,186880,5da96c252fe107f94e6ad45c42a186e904a8feb386ee960209df686e798487ca,2026-02-12
2026-03-21T23:09:47.319380,complementos,Recibo de pago de nómina,recibo-de-pago-de-nomina,https://www.sat.gob.mx/portal/public/tramites/complemento-de-nomina,1.2,E,true,catalogo.xsd,http://www.sat.gob.mx/sitio_internet/cfd/catalogos/Nomina/catNomina.xsd,complementos/recibo-de-pago-de-nomina/version-1-2-revision-e/catNomina.xsd,13766,93d2168679f66a6cd6c9ce3f4593b26e6765ee1dbd3926141b2fa48cf3d1816f,2025-12-17
2026-03-21T23:09:47.319380,complementos,Renovación y sustitución de vehículos,renovacion-y-sustitucion-de-vehiculos,,1.0,A,true,estandar,https://www.sat.gob.mx/cs/Satellite?blobcol=urldata&blobkey=id&blobtable=MungoBlobs&blobwhere=1461175129211&ssbinary=true,complementos/renovacion-y-sustitucion-de-vehiculos/version-1-0-revision-a/renovacionysustitucionvehiculos.pdf,527104,36460a2a24cbca3ade1dd33a0d0ceb1d01d0465bc4ca06f8543d62bffe9d5c46,
2026-03-21T23:09:47.319380,complementos,Renovación y sustitución de vehículos,renovacion-y-sustitucion-de-vehiculos,,1.0,A,true,xsd,http://www.sat.gob.mx/sitio_internet/cfd/renovacionysustitucionvehiculos/renovacionysustitucionvehiculos.xsd,complementos/renovacion-y-sustitucion-de-vehiculos/version-1-0-revision-a/renovacionysustitucionvehiculos.xsd,32691,d615e4f441163a357108e9a5a0c8dc93f47994d66daeeb0506219886afc4391f,
2026-03-21T23:09:47.319380,complementos,Renovación y sustitución de vehículos,renovacion-y-sustitucion-de-vehiculos,,1.0,A,true,xslt,http://www.sat.gob.mx/sitio_internet/cfd/renovacionysustitucionvehiculos/renovacionysustitucionvehiculos.xslt,complementos/renovacion-y-sustitucion-de-vehiculos/version-1-0-revision-a/renovacionysustitucionvehiculos.xslt,6777,1cda351ecbe8c4ddb4c6bb6508e7ea9c36b11627317870f04939765274979aba,
2026-03-21T23:09:47.319380,complementos,Renovación y sustitución de vehículos,renovacion-y-sustitucion-de-vehiculos,,1.0,A,true,catalogo.other,https://www.sat.gob.mx/cs/Satellite?blobcol=urldata&blobkey=id&blobtable=MungoBlobs&blobwhere=1461173381806&ssbinary=true,complementos/renovacion-y-sustitucion-de-vehiculos/version-1-0-revision-a/Catalogo_ComplementoRenovacion_y_Sustitucion%2C0.pdf,288244,5ba2088ee4856b6699ffbcf3fc97da13343f54aa50c2dd9d71d2b1d6a2b815c8,
2026-03-21T23:09:47.319380,complementos,Sector de ventas al detalle (Detallista),sector-de-ventas-al-detalle,,1.3.1,A,true,estandar,https://www.sat.gob.mx/cs/Satellite?blobcol=urldata&blobkey=id&blobtable=MungoBlobs&blobwhere=1461175129197&ssbinary=true,complementos/sector-de-ventas-al-detalle/version-1-3-1-revision-a/Complementoventasadetalle.pdf,928221,062e1fb1edfdd3d39337c3b2a7983aa9bd82c572270ceaaa2806ca7bd90020d1,
2026-03-21T23:09:47.319380,complementos,Sector de ventas al detalle (Detallista),sector-de-ventas-al-detalle,,1.3.1,A,true,xsd,http://www.sat.gob.mx/sitio_internet/cfd/detallista/detallista.xsd,complementos/sector-de-ventas-al-detalle/version-1-3-1-revision-a/detallista.xsd,65256,7b960bb3a6be4aaecf02cc7bd6d428527e88f278df5e550bf7ff0f562ebd20b5,
2026-03-21T23:09:47.319380,complementos,Sector de ventas al detalle (Detallista),sector-de-ventas-al-detalle,,1.3.1,A,true,xslt,http://www.sat.gob.mx/sitio_internet/cfd/detallista/detallista.xslt,complementos/sector-de-ventas-al-detalle/version-1-3-1-revision-a/detallista.xslt,2176,e09906ef78afc077aa3318ca87bf2469e8570f97299d2f0237a2bc81da1e5e12,
2026-03-21T23:09:47.319380,complementos,Servicios parciales de construcción,servicios-parciales-de-construccion,,1.0,A,true,estandar,https://www.sat.gob.mx/cs/Satellite?blobcol=urldata&blobkey=id&blobtable=MungoBlobs&blobwhere=1461175129225&ssbinary=true,complementos/servicios-parciales-de-construccion/version-1-0-revision-a/ServiciosParcialesdeConstruccion.pdf,219053,3c9f5ca9045205b4cde282dddd981be55c024a7576e03462c6202422989c7887,
2026-03-21T23:09:47.319380,complementos,Servicios parciales de construcción,servicios-parciales-de-construccion,,1.0,A,true,xsd,http://www.sat.gob.mx/sitio_internet/cfd/servicioparcialconstruccion/servicioparcialconstruccion.xsd,complementos/servicios-parciales-de-construccion/version-1-0-revision-a/servicioparcialconstruccion.xsd,7580,9cf8c32f9dcefb4a20203b879811a36d8317f66b6b3f3a09dd98a088ea76958b,
2026-03-21T23:09:47.319380,complementos,Servicios parciales de construcción,servicios-parciales-de-construccion,,1.0,A,true,xslt,http://www.sat.gob.mx/sitio_internet/cfd/servicioparcialconstruccion/servicioparcialconstruccion.xslt,complementos/servicios-parciales-de-construccion/version-1-0-revision-a/servicioparcialconstruccion.xslt,2145,692f0470dd0fd57e4c6ea87012296b78d67c31b00c3120eaba446d29219b29e4,
2026-03-21T23:09:47.319380,complementos,Servicios parciales de construcción,servicios-parciales-de-construccion,,1.0,A,true,catalogo.other,https://www.sat.gob.mx/cs/Satellite?blobcol=urldata&blobkey=id&blobtable=MungoBlobs&blobwhere=1461173384430&ssbinary=true,complementos/servicios-parciales-de-construccion/version-1-0-revision-a/0907.AGSC.ACGSTME.PD.CatalogoEntidadesFederativas%2C0.pdf,196722,95d0164b4205fe6d3349ec29e7a1793062d2f60402f3b36e166a256a93109e4e,
2026-03-21T23:09:47.319380,complementos,Timbre fiscal digital (TFD),timbre-fiscal-digital,,1.1,,true,estandar,https://www.sat.gob.mx/cs/Satellite?blobcol=urldata&blobkey=id&blobtable=MungoBlobs&blobwhere=1461176205015&ssbinary=true,complementos/timbre-fiscal-digital/version-1-1/Anexo20_2022.pdf,6665523,b3b6d63a97c859a31d7aacf0fe17b2d58207280df6f06caff3ceaf79954cf4bd,
2026-03-21T23:09:47.319380,complementos,Timbre fiscal digital (TFD),timbre-fiscal-digital,,1.1,,true,xsd,http://www.sat.gob.mx/sitio_internet/cfd/TimbreFiscalDigital/TimbreFiscalDigitalv11.xsd,complementos/timbre-fiscal-digital/version-1-1/TimbreFiscalDigitalv11.xsd,4732,fb3d061fe9914500bef8beb3ea2e8722ee8a8224fa3af63643877a64c0ea05f7,
2026-03-21T23:09:47.319380,complementos,Timbre fiscal digital (TFD),timbre-fiscal-digital,,1.1,,true,xslt,http://www.sat.gob.mx/sitio_internet/cfd/TimbreFiscalDigital/cadenaoriginal_TFD_1_1.xslt,complementos/timbre-fiscal-digital/version-1-1/cadenaoriginal_TFD_1_1.xslt,2340,d7807e936d5a768cec5dca7a35a8b6dd515287083ca9dd7424c1b722c4b0d5a6,
2026-03-21T23:09:47.319380,complementos,Turista pasajero extranjero,turista-pasajero-extranjero,,1.0,A,true,estandar,https://www.sat.gob.mx/cs/Satellite?blobcol=urldata&blobkey=id&blobtable=MungoBlobs&blobwhere=1461175129255&ssbinary=true,complementos/turista-pasajero-extranjero/version-1-0-revision-a/ComplementoTuristaPasajeroExtranjero1.0.pdf,194865,d8d0c6dedd74d445362cd8dcb138b0919baf3d55c362cf713581019ad69501ec,
2026-03-21T23:09:47.319380,complementos,Turista pasajero extranjero,turista-pasajero-extranjero,,1.0,A,true,xsd,http://www.sat.gob.mx/sitio_internet/cfd/TuristaPasajeroExtranjero/TuristaPasajeroExtranjero.xsd,complementos/turista-pasajero-extranjero/version-1-0-revision-a/TuristaPasajeroExtranjero.xsd,4730,14a93ca6bd66c8f8e1fc90429b6232032cd827d8a92353583d69a8241e76a8da,
2026-03-21T23:09:47.319380,complementos,Turista pasajero extranjero,turista-pasajero-extranjero,,1.0,A,true,xslt,http://www.sat.gob.mx/sitio_internet/cfd/TuristaPasajeroExtranjero/TuristaPasajeroExtranjero.xslt,complementos/turista-pasajero-extranjero/version-1-0-revision-a/TuristaPasajeroExtranjero.xslt,1931,5a65dd5bd8d340fdc547b92ff2797199a97674bf2c78feacb69186c91338a68b,
2026-03-21T23:09:47.319380,complementos,Vales de despensa,vales-de-despensa,,1.0,A,true,estandar,https://www.sat.gob.mx/cs/Satellite?blobcol=urldata&blobkey=id&blobtable=MungoBlobs&blobwhere=1461175129160&ssbinary=true,complementos/vales-de-despensa/version-1-0-revision-a/valesdespensa.pdf,241005,234217d49fd1bfdeb5fb75e9bda4913a51100d1518c3691b12861310d70f0f4f,
2026-03-21T23:09:47.319380,complementos,Vales de despensa,vales-de-despensa,,1.0,A,true,xsd,http://www.sat.gob.mx/sitio_internet/cfd/valesdedespensa/valesdedespensa.xsd,complementos/vales-de-despensa/version-1-0-revision-a/valesdedespensa.xsd,8067,736aaa9335077c22dcb933e0496c0abab6d6f1b6b71b2f91aead6321a9c43970,
2026-03-21T23:09:47.319380,complementos,Vales de despensa,vales-de-despensa,,1.0,A,true,xslt,http://www.sat.gob.mx/sitio_internet/cfd/valesdedespensa/valesdedespensa.xslt,complementos/vales-de-despensa/version-1-0-revision-a/valesdedespensa.xslt,2806,dff69b6c188c1332b6908936767050121571952a09b99f881c39e41773392b92,
2026-03-21T23:09:47.319380,complementos,Vehículos usados,vehiculos-usados,,1.0,Est,true,estandar,https://www.sat.gob.mx/cs/Satellite?blobcol=urldata&blobkey=id&blobtable=MungoBlobs&blobwhere=1461175129174&ssbinary=true,complementos/vehiculos-usados/version-1-0-revision-est/Vehiculousado.pdf,256083,9e9c298781ffd5e801f080d62777e2f6aaec911279283093d8dc534ae8294e9d,
2026-03-21T23:09:47.319380,complementos,Vehículos usados,vehiculos-usados,,1.0,Est,true,xsd,http://www.sat.gob.mx/sitio_internet/cfd/vehiculousado/vehiculousado.xsd,complementos/vehiculos-usados/version-1-0-revision-est/vehiculousado.xsd,7703,5ca3bb7b224250648e51042eb4bae02eee57266cf33b4ab8a15aefed2a61e90a,
2026-03-21T23:09:47.319380,complementos,Vehículos usados,vehiculos-usados,,1.0,Est,true,xslt,http://www.sat.gob.mx/sitio_internet/cfd/vehiculousado/vehiculousado.xslt,complementos/vehiculos-usados/version-1-0-revision-est/vehiculousado.xslt,3029,683b2a66cfd07d67f3c19c48499692e648079d663475f2f04f14d37131a29235,
2026-03-28T08:11:55.850030,complementos-concepto,Hidrocarburos y petrolíferos,hidrocarburos-y-petroliferos,,1.0,,true,estandar,https://ampocdevbuk01a.s3.us-east-1.amazonaws.com/CC_HYP_10_8c8f96da4e.pdf,complementos-concepto/hidrocarburos-y-petroliferos/version-1-0/CC_HYP_10_8c8f96da4e.pdf,173104,f031cd804634b3ce05b9b85d24a486c10baa971dae6a1016c9bda2cf2b99bb7f,
2026-03-27T19:38:30.668754,complementos-concepto,Hidrocarburos y petrolíferos,hidrocarburos-y-petroliferos,,1.0,,true,xsd,http://www.sat.gob.mx/sitio_internet/cfd/hidrocarburospetroliferos.xsd,complementos-concepto/hidrocarburos-y-petroliferos/version-1-0/hidrocarburospetroliferos.xsd,2783,650ad6fd305350c081384a6c018f55e404b32e4e9c5a1c4e90ff99eb8eb4589b,
2026-03-27T19:38:30.668754,complementos-concepto,Hidrocarburos y petrolíferos,hidrocarburos-y-petroliferos,,1.0,,true,xslt,https://ampocdevbuk01a.s3.us-east-1.amazonaws.com/hidrocarburospetroliferos_3b1a7208b6.xslt,complementos-concepto/hidrocarburos-y-petroliferos/version-1-0/hidrocarburospetroliferos_3b1a7208b6.xslt,1208,b212b9df8119de4278a24d5258b27ac295746b7476cc6aef969a3ad1d6c55a4b,
2026-03-29T18:35:52.287244,complementos-concepto,Hidrocarburos y petrolíferos,hidrocarburos-y-petroliferos,,1.0,,true,matriz,https://ampocdevbuk01a.s3.us-east-1.amazonaws.com/Matriz_Errores_CC_HYP_10_f691ab8ddd.xlsx,complementos-concepto/hidrocarburos-y-petroliferos/version-1-0/Matriz_Errores_CC_HYP.xlsx,12347,d64444030dbc013fc224675468ac156d49cdc9d4c139e5e111d12f5a620b45cd,
2026-03-27T19:38:30.668754,complementos-concepto,Hidrocarburos y petrolíferos,hidrocarburos-y-petroliferos,,1.0,,true,catalogo.xls,https://ampocdevbuk01a.s3.us-east-1.amazonaws.com/cat_Hidro_Y_Petro_10_b59dacfd1f.xlsx,hf/xls/complementos-concepto/hidrocarburos-y-petroliferos/1-0/cat_Hidro_Y_Petro.xlsx,16159,8bcfb7e42381263091d463f1732584c92e42ab2ac7f380b4b307247782eeb71f,
2026-03-27T19:38:30.668754,complementos-concepto,Hidrocarburos y petrolíferos,hidrocarburos-y-petroliferos,,1.0,,true,catalogo.xsd,http://www.sat.gob.mx/sitio_internet/cfd/catalogos/HidrocarburosPetro/catHidroYPetro.xsd,complementos-concepto/hidrocarburos-y-petroliferos/version-1-0/catHidroYPetro.xsd,1542,f83e7b1e92e7fc40fcfa8cfb9c77045d73bd108a34930e2716aa22fa8254e7d4,
2026-03-21T23:09:47.319380,complementos-concepto,Instituciones educativas privadas,instituciones-educativas-privadas,,1.0,A,true,estandar,https://www.sat.gob.mx/cs/Satellite?blobcol=urldata&blobkey=id&blobtable=MungoBlobs&blobwhere=1461175129153&ssbinary=true,complementos-concepto/instituciones-educativas-privadas/version-1-0-revision-a/iedu.pdf,186291,614072c5ed01f5665697d410250450dafd5a1d38a609eb9c3956f15b47658719,
2026-03-21T23:09:47.319380,complementos-concepto,Instituciones educativas privadas,instituciones-educativas-privadas,,1.0,A,true,xsd,http://www.sat.gob.mx/sitio_internet/cfd/iedu/iedu.xsd,complementos-concepto/instituciones-educativas-privadas/version-1-0-revision-a/iedu.xsd,4523,743427a93f049aa091a958212eca70213e6b2cfc9f192f6ab9c4df86ce462cbd,
2026-03-21T23:09:47.319380,complementos-concepto,Instituciones educativas privadas,instituciones-educativas-privadas,,1.0,A,true,xslt,http://www.sat.gob.mx/sitio_internet/cfd/iedu/iedu.xslt,complementos-concepto/instituciones-educativas-privadas/version-1-0-revision-a/iedu.xslt,1244,ef5e7e6cc0666cfc67d0c41ad865c2a044947289013ca2add0f89dea7fde667f,
2026-03-21T23:09:47.319380,complementos-concepto,Venta de vehículos,venta-de-vehiculos,,1.1,A,true,estandar,https://www.sat.gob.mx/cs/Satellite?blobcol=urldata&blobkey=id&blobtable=MungoBlobs&blobwhere=1461175129190&ssbinary=true,complementos-concepto/venta-de-vehiculos/version-1-1-revision-a/ventavehiculos11.pdf,441691,1e537b3aece27dc255d20a14ab9a290ac7aa641305a5bccd138c97e91f861685,
2026-03-21T23:09:47.319380,complementos-concepto,Venta de vehículos,venta-de-vehiculos,,1.1,A,true,xsd,http://www.sat.gob.mx/sitio_internet/cfd/ventavehiculos/ventavehiculos11.xsd,complementos-concepto/venta-de-vehiculos/version-1-1-revision-a/ventavehiculos11.xsd,7784,ccdbf9f5d01140387d5be19f57622c14da63adbb03db6f92beace5f4142b9af4,
2026-03-21T23:09:47.319380,complementos-concepto,Venta de vehículos,venta-de-vehiculos,,1.1,A,true,xslt,http://www.sat.gob.mx/sitio_internet/cfd/ventavehiculos/ventavehiculos11.xslt,complementos-concepto/venta-de-vehiculos/version-1-1-revision-a/ventavehiculos11.xslt,1864,77a103915ea66d6ade5a23e5db7e3c66467abf744acef5f9ac8cafdc16362c7d,
2026-03-21T23:09:47.319380,complementos-retenciones,Arrendamiento en fideicomiso,arrendamiento-en-fideicomiso,,1.0,A,true,estandar,https://www.sat.gob.mx/cs/Satellite?blobcol=urldata&blobkey=id&blobtable=MungoBlobs&blobwhere=1461175123389&ssbinary=true,complementos-retenciones/arrendamiento-en-fideicomiso/version-1-0-revision-a/ArrendamientoenFideicomiso_rA.pdf,137028,39be57203f7d5258b00578261c6965307a2b8f40cfcbbc493a9af39d0bdf2719,
2026-03-21T23:09:47.319380,complementos-retenciones,Arrendamiento en fideicomiso,arrendamiento-en-fideicomiso,,1.0,A,true,xsd,http://www.sat.gob.mx/esquemas/retencionpago/1/arrendamientoenfideicomiso/arrendamientoenfideicomiso.xsd,complementos-retenciones/arrendamiento-en-fideicomiso/version-1-0-revision-a/arrendamientoenfideicomiso.xsd,3478,0e3d837deb319fa5f77fbccd6853141c593ad9a8c31980acb0e5d767298585d3,
2026-03-21T23:09:47.319380,complementos-retenciones,Arrendamiento en fideicomiso,arrendamiento-en-fideicomiso,,1.0,A,true,xslt,http://www.sat.gob.mx/esquemas/retencionpago/1/arrendamientoenfideicomiso/arrendamientoenfideicomiso.xslt,complementos-retenciones/arrendamiento-en-fideicomiso/version-1-0-revision-a/arrendamientoenfideicomiso.xslt,1802,ffc67e933bb4542574347979330f37f1b02573751e7e6a397d138a8444684498,
2026-03-21T23:09:47.319380,complementos-retenciones,Dividendos,dividendos,,1.0,A,true,estandar,https://www.sat.gob.mx/cs/Satellite?blobcol=urldata&blobkey=id&blobtable=MungoBlobs&blobwhere=1461175123422&ssbinary=true,complementos-retenciones/dividendos/version-1-0-revision-a/Dividendos_rA.pdf,168325,a3230eeaddc5674fb0cbb33176b68c25b7150d222c493fbbf3412c92cac42f6f,
2026-03-21T23:09:47.319380,complementos-retenciones,Dividendos,dividendos,,1.0,A,true,xsd,http://www.sat.gob.mx/esquemas/retencionpago/1/dividendos/dividendos.xsd,complementos-retenciones/dividendos/version-1-0-revision-a/dividendos.xsd,5441,e5cef9d2cac98e7edfa4cc67af3e04bdb16bdc8ecb77808b274a706f3bd9cbae,
2026-03-21T23:09:47.319380,complementos-retenciones,Dividendos,dividendos,,1.0,A,true,xslt,http://www.sat.gob.mx/esquemas/retencionpago/1/dividendos/dividendos.xslt,complementos-retenciones/dividendos/version-1-0-revision-a/dividendos.xslt,2600,644db84efb02c5775afb51a4a49e6e869ccc4c69ac50bdd1981ab456c9121fab,
2026-03-21T23:09:47.319380,complementos-retenciones,Enajenación de acciones,enajenacion-de-acciones,,1.0,A,true,estandar,https://www.sat.gob.mx/cs/Satellite?blobcol=urldata&blobkey=id&blobtable=MungoBlobs&blobwhere=1461175123436&ssbinary=true,complementos-retenciones/enajenacion-de-acciones/version-1-0-revision-a/EnajenaciondeAcciones.pdf,116311,211d2311d70da039a2d284b290e78a7fd49db867b5a4b9ea91fb76575cb37bd7,
2026-03-21T23:09:47.319380,complementos-retenciones,Enajenación de acciones,enajenacion-de-acciones,,1.0,A,true,xsd,http://www.sat.gob.mx/esquemas/retencionpago/1/enajenaciondeacciones/enajenaciondeacciones.xsd,complementos-retenciones/enajenacion-de-acciones/version-1-0-revision-a/enajenaciondeacciones.xsd,2309,68520906ed7d53d67ffa37f6089973a0624ca72642b03ec4338d641600e8eaa4,
2026-03-21T23:09:47.319380,complementos-retenciones,Enajenación de acciones,enajenacion-de-acciones,,1.0,A,true,xslt,http://www.sat.gob.mx/esquemas/retencionpago/1/enajenaciondeacciones/enajenaciondeacciones.xslt,complementos-retenciones/enajenacion-de-acciones/version-1-0-revision-a/enajenaciondeacciones.xslt,1287,df6b302ac7a47289c9ca1c5093f3d156d596286d9449f0cb673d16fa2f4e4df9,
2026-03-21T23:09:47.319380,complementos-retenciones,Fideicomisos no empresariales,fideicomisos-no-empresariales,,1.0,A,true,estandar,https://www.sat.gob.mx/cs/Satellite?blobcol=urldata&blobkey=id&blobtable=MungoBlobs&blobwhere=1461175123514&ssbinary=true,complementos-retenciones/fideicomisos-no-empresariales/version-1-0-revision-a/Fideicnoempresarial_rA.pdf,245243,764e40b0e5bfee6337bc852632cdc61e72facc0585966beeed27efdb0a9e34ee,
2026-03-21T23:09:47.319380,complementos-retenciones,Fideicomisos no empresariales,fideicomisos-no-empresariales,,1.0,A,true,xsd,http://www.sat.gob.mx/esquemas/retencionpago/1/fideicomisonoempresarial/fideicomisonoempresarial.xsd,complementos-retenciones/fideicomisos-no-empresariales/version-1-0-revision-a/fideicomisonoempresarial.xsd,7508,92279c1391c913450b89a667b53a852cd1d1e954fd28e609ad3bcff85b78b8e0,
2026-03-21T23:09:47.319380,complementos-retenciones,Fideicomisos no empresariales,fideicomisos-no-empresariales,,1.0,A,true,xslt,http://www.sat.gob.mx/esquemas/retencionpago/1/fideicomisonoempresarial/fideicomisonoempresarial.xslt,complementos-retenciones/fideicomisos-no-empresariales/version-1-0-revision-a/fideicomisonoempresarial.xslt,3525,656d03facc2c0981b9644706d4bacf0a01cc1f13c2d2b1551091270c08710be3,
2026-03-21T23:09:47.319380,complementos-retenciones,Intereses,intereses,,1.0,A,true,estandar,https://www.sat.gob.mx/cs/Satellite?blobcol=urldata&blobkey=id&blobtable=MungoBlobs&blobwhere=1461175123450&ssbinary=true,complementos-retenciones/intereses/version-1-0-revision-a/Intereses_rA.pdf,134201,829c39f721a76976f58bd880f8050843b2f9d81cc63973f6b7947b1321ead12f,
2026-03-21T23:09:47.319380,complementos-retenciones,Intereses,intereses,,1.0,A,true,xsd,http://www.sat.gob.mx/esquemas/retencionpago/1/intereses/intereses.xsd,complementos-retenciones/intereses/version-1-0-revision-a/intereses.xsd,3641,7066090f2786926f2e593ec4eeb3bd689896ee871a5bdd1bd894f883b327b52a,
2026-03-21T23:09:47.319380,complementos-retenciones,Intereses,intereses,,1.0,A,true,xslt,http://www.sat.gob.mx/esquemas/retencionpago/1/intereses/intereses.xslt,complementos-retenciones/intereses/version-1-0-revision-a/intereses.xslt,1620,1e7e4da0b66b63e55681658be203a766038bd4133479b410809f6408f7adc6e3,
2026-03-21T23:09:47.319380,complementos-retenciones,Intereses hipotecarios,intereses-hipotecarios,,1.0,A,true,estandar,https://www.sat.gob.mx/cs/Satellite?blobcol=urldata&blobkey=id&blobtable=MungoBlobs&blobwhere=1461175123406&ssbinary=true,complementos-retenciones/intereses-hipotecarios/version-1-0-revision-a/Intereseshipotecarios_rA.pdf,139225,b0837f8ffc7f2b1edff7c1cafba449ba45cdf78aa8abe68f3e93b4605d4d8b39,
2026-03-21T23:09:47.319380,complementos-retenciones,Intereses hipotecarios,intereses-hipotecarios,,1.0,A,true,xsd,http://www.sat.gob.mx/esquemas/retencionpago/1/intereseshipotecarios/intereseshipotecarios.xsd,complementos-retenciones/intereses-hipotecarios/version-1-0-revision-a/intereseshipotecarios.xsd,3818,234f59fb6d4857c46b3bf81c79e999926fba41fda8980ccd0e1da6adb1c2a014,
2026-03-21T23:09:47.319380,complementos-retenciones,Intereses hipotecarios,intereses-hipotecarios,,1.0,A,true,xslt,http://www.sat.gob.mx/esquemas/retencionpago/1/intereseshipotecarios/intereseshipotecarios.xslt,complementos-retenciones/intereses-hipotecarios/version-1-0-revision-a/intereseshipotecarios.xslt,1857,edb6860e7859c374d1a917c2cc3ebf637d6e78a9131aaa78c73219423b541ad4,
2026-03-21T23:09:47.319380,complementos-retenciones,Operaciones con derivados,operaciones-con-derivados,,1.0,A,true,estandar,https://www.sat.gob.mx/cs/Satellite?blobcol=urldata&blobkey=id&blobtable=MungoBlobs&blobwhere=1461175123544&ssbinary=true,complementos-retenciones/operaciones-con-derivados/version-1-0-revision-a/OperacionesDerivados_rA.pdf,111528,060c997ca9713cd0039f4ca60e372bfb52baf3acba437755df1256036fa17324,
2026-03-21T23:09:47.319380,complementos-retenciones,Operaciones con derivados,operaciones-con-derivados,,1.0,A,true,xsd,http://www.sat.gob.mx/esquemas/retencionpago/1/operacionesconderivados/operacionesconderivados.xsd,complementos-retenciones/operaciones-con-derivados/version-1-0-revision-a/operacionesconderivados.xsd,1897,a726d254ce20a38f89c15cb5520fc0466c50f59fb2b63ae7842102c0eaee1f7c,
2026-03-21T23:09:47.319380,complementos-retenciones,Operaciones con derivados,operaciones-con-derivados,,1.0,A,true,xslt,http://www.sat.gob.mx/esquemas/retencionpago/1/operacionesconderivados/operacionesconderivados.xslt,complementos-retenciones/operaciones-con-derivados/version-1-0-revision-a/operacionesconderivados.xslt,1165,73b42b6d44fa95051b0ef8cea776a6325a819ed79fdf07be64eb35c2e4ab8a13,
2026-03-21T23:09:47.319380,complementos-retenciones,Pagos a extranjeros,pagos-a-extranjeros,,1.0,B,true,estandar,https://www.sat.gob.mx/cs/Satellite?blobcol=urldata&blobkey=id&blobtable=MungoBlobs&blobwhere=1461176328670&ssbinary=true,complementos-retenciones/pagos-a-extranjeros/version-1-0-revision-b/pagosaextranjeros.pdf,256934,001c7b2e7181614ae6aac7b5ee737f04c6c5b1d4efa9ac1445af3a68249e9951,
2026-03-21T23:09:47.319380,complementos-retenciones,Pagos a extranjeros,pagos-a-extranjeros,,1.0,B,true,xsd,http://www.sat.gob.mx/esquemas/retencionpago/1/pagosaextranjeros/pagosaextranjeros.xsd,complementos-retenciones/pagos-a-extranjeros/version-1-0-revision-b/pagosaextranjeros.xsd,6370,92152253b90b93fea9c1b90f875e5378613c03fec0082d5e07b91ac1aef00ea1,
2026-03-21T23:09:47.319380,complementos-retenciones,Pagos a extranjeros,pagos-a-extranjeros,,1.0,B,true,xslt,http://www.sat.gob.mx/esquemas/retencionpago/1/pagosaextranjeros/pagosaextranjeros.xslt,complementos-retenciones/pagos-a-extranjeros/version-1-0-revision-b/pagosaextranjeros.xslt,2712,7f859ddaa3efbeba4165f89906f89051b3c14cb21e477b59bc4ae27cbe530383,
2026-03-21T23:09:47.319380,complementos-retenciones,Planes de retiro,planes-de-retiro,,1.1,B,true,estandar,https://www.sat.gob.mx/cs/Satellite?blobcol=urldata&blobkey=id&blobtable=MungoBlobs&blobwhere=1461175123529&ssbinary=true,complementos-retenciones/planes-de-retiro/version-1-1-revision-b/CompPlanesRetiro1.1_rBdocx.pdf,246323,3c28820e166a851a56307b8e69e9a83c5849d8eabb974aa364e8c413423329f3,
2026-03-21T23:09:47.319380,complementos-retenciones,Planes de retiro,planes-de-retiro,,1.1,B,true,xsd,https://www.sat.gob.mx/esquemas/retencionpago/1/planesderetiro11/planesderetiro11.xsd,complementos-retenciones/planes-de-retiro/version-1-1-revision-b/planesderetiro11.xsd,8217,b9e43e3ab7ab9cf9ede74e349aebba3d166adea5f04c3180c1cd2869a4aa7cde,
2026-03-21T23:09:47.319380,complementos-retenciones,Planes de retiro,planes-de-retiro,,1.1,B,true,xslt,https://www.sat.gob.mx/esquemas/retencionpago/1/planesderetiro11/planesderetiro11.xslt,complementos-retenciones/planes-de-retiro/version-1-1-revision-b/planesderetiro11.xslt,3114,46f91ec9be6822642f259fd0e7f1ced75174c1de57a59725fbf54f592a0ed661,
2026-03-29T18:35:52.287244,complementos-retenciones,Planes de retiro,planes-de-retiro,,1.1,B,true,matriz,https://www.sat.gob.mx/cs/Satellite?blobcol=urldata&blobkey=id&blobtable=MungoBlobs&blobwhere=1461173445025&ssbinary=true,complementos-retenciones/planes-de-retiro/version-1-1-revision-b/Matriz_Apoyo_PlanesdeRetiro11.XLS,36864,12691fc4c98488e31e1713f6e92cd501b88a9572458aa37268fa1788638b927b,
2026-03-21T23:09:47.319380,complementos-retenciones,Planes de retiro,planes-de-retiro,,1.1,B,true,catalogo.other,https://www.sat.gob.mx/cs/Satellite?blobcol=urldata&blobkey=id&blobtable=MungoBlobs&blobwhere=1461173445012&ssbinary=true,hf/xls/complementos/planes-de-retiro/1-1-b/CatPlanesderetiro.xls,27648,43fdc0cdd963ed613594ad8828ba326ec33a110c5169ff3807d85a7136d8e793,
2026-03-21T23:09:47.319380,complementos-retenciones,Premios,premios,,1.0,A,true,estandar,https://www.sat.gob.mx/cs/Satellite?blobcol=urldata&blobkey=id&blobtable=MungoBlobs&blobwhere=1461175123499&ssbinary=true,complementos-retenciones/premios/version-1-0-revision-a/Premios_rA.pdf,145620,d8fd3a68be24187c7157ee60e6965bd36ae52dd3bdd07519418e2c33da998920,
2026-03-21T23:09:47.319380,complementos-retenciones,Premios,premios,,1.0,A,true,xsd,http://www.sat.gob.mx/esquemas/retencionpago/1/premios/premios.xsd,complementos-retenciones/premios/version-1-0-revision-a/premios.xsd,2581,35d6bad53cb429e8c0b707945a5979ebb65ce5f6c0cba804af3097f4e931e5c8,
2026-03-21T23:09:47.319380,complementos-retenciones,Premios,premios,,1.0,A,true,xslt,http://www.sat.gob.mx/esquemas/retencionpago/1/premios/premios.xslt,complementos-retenciones/premios/version-1-0-revision-a/premios.xslt,1345,a005c62b350be601bd57cec1a15817453ba5e3c423a86afe67326b965d0c3e06,
2026-03-21T23:09:47.319380,complementos-retenciones,Sector financiero,sector-financiero,,1.0,A,true,estandar,https://www.sat.gob.mx/cs/Satellite?blobcol=urldata&blobkey=id&blobtable=MungoBlobs&blobwhere=1461175123561&ssbinary=true,complementos-retenciones/sector-financiero/version-1-0-revision-a/SectorFinanciero_rA.pdf,111846,8ec44bf4018deb747a5eaa50818ae526a145286656be71ec6f7e76b50098fdc9,
2026-03-21T23:09:47.319380,complementos-retenciones,Sector financiero,sector-financiero,,1.0,A,true,xsd,https://d1kv9jqywn0dfi.cloudfront.net/esquemas/retencionpago/1/sectorfinanciero/sectorfinanciero.xsd,complementos-retenciones/sector-financiero/version-1-0-revision-a/sectorfinanciero.xsd,2126,5d7d663060b581ed17369385c1c25e49520772f07fa01cbba2c789f860cf5917,
2026-03-21T23:09:47.319380,complementos-retenciones,Sector financiero,sector-financiero,,1.0,A,true,xslt,https://d1kv9jqywn0dfi.cloudfront.net/esquemas/retencionpago/1/sectorfinanciero/sectorfinanciero.xslt,complementos-retenciones/sector-financiero/version-1-0-revision-a/sectorfinanciero.xslt,1245,73436ce52fcedf4af1f6d180c6c6490814a96956ad4b574d59e027ad6c241add,
2026-03-21T23:09:47.319380,complementos-retenciones,Servicios de plataformas tecnológicas,servicios-de-plataformas-tecnologicas,https://www.sat.gob.mx/portal/public/tramites/complemento-de-plataformas-tecnologicas,1.0,E,true,estandar,https://www.sat.gob.mx/cs/Satellite?blobcol=urldata&blobkey=id&blobtable=MungoBlobs&blobwhere=1461175172001&ssbinary=true,complementos-retenciones/servicios-de-plataformas-tecnologicas/version-1-0-revision-e/20220218+Complemento+Servicios+Plataformas+Tecnol%C3%B3gicas+v10rC+.pdf,440750,adf7330d553c4fc2070ca756496b594323f4991b7c065e005ebdaf8813d6bd48,2022-02-18
2026-03-21T23:09:47.319380,complementos-retenciones,Servicios de plataformas tecnológicas,servicios-de-plataformas-tecnologicas,https://www.sat.gob.mx/portal/public/tramites/complemento-de-plataformas-tecnologicas,1.0,E,true,xsd,http://www.sat.gob.mx/esquemas/retencionpago/1/PlataformasTecnologicas10/ServiciosPlataformasTecnologicas10.xsd,complementos-retenciones/servicios-de-plataformas-tecnologicas/version-1-0-revision-e/ServiciosPlataformasTecnologicas10.xsd,13919,5c1d8cd23798ae28072425a4326222480430b02a41ecb69d4ec301eaecd0c2d5,
2026-03-21T23:09:47.319380,complementos-retenciones,Servicios de plataformas tecnológicas,servicios-de-plataformas-tecnologicas,https://www.sat.gob.mx/portal/public/tramites/complemento-de-plataformas-tecnologicas,1.0,E,true,xslt,http://www.sat.gob.mx/esquemas/retencionpago/1/PlataformasTecnologicas10/ServiciosPlataformasTecnologicas10.xslt,complementos-retenciones/servicios-de-plataformas-tecnologicas/version-1-0-revision-e/ServiciosPlataformasTecnologicas10.xslt,5981,1dbf30a2427c3cfe23cf437a9791906479471bf1830c9151d70354690fb73034,
2026-03-29T18:35:52.287244,complementos-retenciones,Servicios de plataformas tecnológicas,servicios-de-plataformas-tecnologicas,https://www.sat.gob.mx/portal/public/tramites/complemento-de-plataformas-tecnologicas,1.0,E,true,matriz,https://www.sat.gob.mx/cs/Satellite?blobcol=urldata&blobkey=id&blobtable=MungoBlobs&blobwhere=1461175172037&ssbinary=true,complementos-retenciones/servicios-de-plataformas-tecnologicas/version-1-0-revision-e/Matriz_errores_Servicios_de_Plataformas_Tecnologicas_v10rC+.xlsx,21698,d39e4b42b3fe7655ded05fa526700e2b4eb12117c60ad68c0282739715d548b3,
2026-03-21T23:09:47.319380,complementos-retenciones,Servicios de plataformas tecnológicas,servicios-de-plataformas-tecnologicas,https://www.sat.gob.mx/portal/public/tramites/complemento-de-plataformas-tecnologicas,1.0,E,true,catalogo.xls,"https://www.sat.gob.mx/cs/Satellite?blobcol=urldata&blobkey=id&blobtable=MungoBlobs&blobwhere=1461176407705&ssbinary=true 
 ",hf/xls/complementos/servicios-de-plataformas-tecnologicas/1-0-e/09012025_cat_PlataformasTecnologicas.xls,139264,a69f2a2d08cffb1e341d27a00cebd89d4d501ed227df342c68a46c378a3187f9,2025-01-09
2026-03-21T23:09:47.319380,complementos-retenciones,Servicios de plataformas tecnológicas,servicios-de-plataformas-tecnologicas,https://www.sat.gob.mx/portal/public/tramites/complemento-de-plataformas-tecnologicas,1.0,E,true,catalogo.xsd,http://www.sat.gob.mx/esquemas/retencionpago/1/PlataformasTecnologicas10/catalogos/CatPlataformasTecnologicas.xsd,complementos-retenciones/servicios-de-plataformas-tecnologicas/version-1-0-revision-e/CatPlataformasTecnologicas.xsd,1995,5e87704afb47e0de7129e4b6bcdfb2062371843c40de2de1a5cd40cbd629bebb,
